storyNumber,storyTitleFinal,storyTitlePrevious,biblicalReference,sceneNumber,audioFileName,appPath,textoFinalNarrar,direcaoDeVoz,sonoplastiaOpcional
01,A Criação,,Gênesis 1:1 a 2:3,01,creation_scene_01.mp3,assets/audio/creation/creation_scene_01.mp3,"Antes de existir o sol, a lua, as estrelas, as plantas, os animais e as pessoas, Deus já existia. Tudo ainda estava sem forma, vazio e escuro, mas Deus estava presente. Então Deus criou o mundo por sua palavra poderosa. A criação veio do cuidado e da vontade de Deus.","Voz tranquila, com admiração.","Ambiente suave, brilho leve surgindo aos poucos."
01,A Criação,,Gênesis 1:1 a 2:3,02,creation_scene_02.mp3,assets/audio/creation/creation_scene_02.mp3,"Deus disse: “Haja luz.” E a luz apareceu. Deus viu que a luz era boa e separou a luz das trevas. Assim chegou o primeiro dia. Desde o começo, Deus mostrou que sua palavra tem poder e que tudo o que Ele faz é bom.",Voz clara e alegre na fala “Haja luz”.,"Som delicado de brilho, sem explosão."
01,A Criação,,Gênesis 1:1 a 2:3,03,creation_scene_03.mp3,assets/audio/creation/creation_scene_03.mp3,"No segundo dia, Deus fez o firmamento e separou as águas. Deus chamou o firmamento de céu. O mundo estava sendo preparado com ordem, cuidado e beleza. O céu se abriu como um grande espaço sobre a criação.",Voz contemplativa.,"Vento leve, ambiente aberto."
01,A Criação,,Gênesis 1:1 a 2:3,04,creation_scene_04.mp3,assets/audio/creation/creation_scene_04.mp3,"No terceiro dia, Deus juntou as águas em seus lugares e fez aparecer a terra seca. Depois, Deus mandou a terra produzir plantas, árvores e frutos. A terra começou a ficar cheia de vida, com sementes, folhas e cores. Deus viu que tudo isso era bom.",Voz alegre e visual.,"Som suave de brotos e natureza, sem onomatopeia exagerada."
01,A Criação,,Gênesis 1:1 a 2:3,05,creation_scene_05.mp3,assets/audio/creation/creation_scene_05.mp3,"No quarto dia, Deus fez os luzeiros no céu. O maior para iluminar o dia, o menor para iluminar a noite, e também as estrelas. Eles marcariam os dias, as estações e os anos. Deus colocou ordem no tempo e beleza no céu.",Voz de encantamento.,"Ambiente noturno suave, cintilar discreto."
01,A Criação,,Gênesis 1:1 a 2:3,06,creation_scene_06.mp3,assets/audio/creation/creation_scene_06.mp3,"No quinto dia, Deus encheu as águas de seres vivos e criou as aves para voarem pelo céu. Peixes, grandes animais marinhos e pássaros passaram a fazer parte da criação. Deus os abençoou para que se multiplicassem. O mar e o céu ficaram cheios de vida.","Voz alegre, com ritmo leve.",Água suave e pássaros discretos.
01,A Criação,,Gênesis 1:1 a 2:3,07,creation_scene_07.mp3,assets/audio/creation/creation_scene_07.mp3,"No sexto dia, Deus criou os animais da terra, cada um conforme a sua espécie. Animais grandes, pequenos, fortes, mansos, rápidos e tranquilos. Cada criatura tinha seu lugar na criação. Deus viu que tudo era bom.",Voz divertida e cuidadosa.,"Sons suaves de animais ao fundo, sem assustar."
01,A Criação,,Gênesis 1:1 a 2:3,08,creation_scene_08.mp3,assets/audio/creation/creation_scene_08.mp3,"Ainda no sexto dia, Deus criou o ser humano à sua imagem. Deus criou homem e mulher, dando a eles valor especial. Eles foram chamados para cuidar da criação e viver perto de Deus. Cada pessoa tem dignidade, porque foi criada por Deus.",Voz amorosa e reverente.,Trilha suave e acolhedora.
01,A Criação,,Gênesis 1:1 a 2:3,09,creation_scene_09.mp3,assets/audio/creation/creation_scene_09.mp3,"Deus olhou para tudo o que havia feito: a luz, o céu, a terra, as plantas, os astros, os animais e as pessoas. E Deus viu que tudo era muito bom. A criação mostrava a bondade, a ordem e a beleza do Criador.","Voz celebrativa, sem pressa.",Música leve de conclusão.
01,A Criação,,Gênesis 1:1 a 2:3,10,creation_scene_10.mp3,assets/audio/creation/creation_scene_10.mp3,"No sétimo dia, Deus descansou de toda a obra que havia feito. Ele abençoou esse dia e o separou como especial. Deus nos ensina que descansar também faz parte do seu bom cuidado. A criação estava completa, e tudo apontava para o Criador.",Voz serena e finalizadora.,"Ambiente calmo, encerramento suave."
02,Noé e o Sinal da Aliança,Noé e o Arco-Íris,Gênesis 6 a 9,01,noah_scene_01.mp3,assets/audio/noah/noah_scene_01.mp3,"Muito tempo depois da criação, Deus viu que a maldade havia crescido na terra. Isso entristeceu o coração de Deus. Mas Noé era diferente. A Bíblia diz que Noé era justo, íntegro e andava com Deus. Mesmo em um tempo difícil, Noé escolhia ouvir e obedecer ao Senhor.","Voz séria, mas acolhedora.","Ambiente calmo, sem medo pesado."
02,Noé e o Sinal da Aliança,Noé e o Arco-Íris,Gênesis 6 a 9,02,noah_scene_02.mp3,assets/audio/noah/noah_scene_02.mp3,"Deus falou com Noé e lhe deu uma missão: construir uma arca, um grande barco, para preservar sua família e os animais conforme Deus ordenasse. Noé poderia não entender tudo, mas confiou. Ele ouviu a palavra de Deus e se preparou para obedecer.",Voz de orientação e confiança.,Som leve de madeira ao fundo.
02,Noé e o Sinal da Aliança,Noé e o Arco-Íris,Gênesis 6 a 9,03,noah_scene_03.mp3,assets/audio/noah/noah_scene_03.mp3,"Noé fez tudo como Deus havia mandado. Ele trabalhou com cuidado, preparando a arca conforme as instruções do Senhor. A arca foi ficando grande e forte. Cada tábua lembrava que obedecer a Deus é confiar, mesmo antes de ver tudo acontecer.","Voz animada, ritmo de trabalho.",Marteladas suaves e espaçadas.
02,Noé e o Sinal da Aliança,Noé e o Arco-Íris,Gênesis 6 a 9,04,noah_scene_04.mp3,assets/audio/noah/noah_scene_04.mp3,"Quando chegou o tempo certo, Noé, sua família e os animais entraram na arca. Os animais vieram conforme Deus havia ordenado. Deus cuidou de cada detalhe, desde os maiores até os menores. A arca se tornou um lugar de proteção.",Voz maravilhada e segura.,"Passos de animais leves, sem bagunça."
02,Noé e o Sinal da Aliança,Noé e o Arco-Íris,Gênesis 6 a 9,05,noah_scene_05.mp3,assets/audio/noah/noah_scene_05.mp3,"Então começou a chover. As águas aumentaram sobre a terra, mas Deus guardou Noé, sua família e os animais dentro da arca. A chuva durou quarenta dias e quarenta noites. Mesmo em meio às águas, Deus não havia esquecido aqueles que estavam na arca.","Voz calma, com suspense leve.","Chuva crescendo suavemente, sem trovões assustadores."
02,Noé e o Sinal da Aliança,Noé e o Arco-Íris,Gênesis 6 a 9,06,noah_scene_06.mp3,assets/audio/noah/noah_scene_06.mp3,"A arca flutuou sobre as águas. Depois, Deus fez passar um vento sobre a terra, e as águas começaram a baixar. Pouco a pouco, a arca repousou sobre os montes de Ararate. O tempo de espera continuava, mas Deus estava conduzindo tudo.",Voz esperançosa.,Vento suave e água diminuindo.
02,Noé e o Sinal da Aliança,Noé e o Arco-Íris,Gênesis 6 a 9,07,noah_scene_07.mp3,assets/audio/noah/noah_scene_07.mp3,"Noé esperou com paciência. Ele soltou aves para saber como estava a terra. Uma pomba saiu e voltou, porque ainda não havia lugar seco para pousar. Noé aguardou mais alguns dias, confiando no tempo de Deus.","Voz tranquila, paciente.","Asas leves, ambiente sereno."
02,Noé e o Sinal da Aliança,Noé e o Arco-Íris,Gênesis 6 a 9,08,noah_scene_08.mp3,assets/audio/noah/noah_scene_08.mp3,"Depois, a pomba voltou trazendo uma folha nova de oliveira. Noé entendeu que as águas estavam diminuindo e que a vida estava brotando outra vez. Era um sinal de esperança. Deus estava preparando um novo começo.",Voz alegre e suave.,Som leve de pássaro e vento.
02,Noé e o Sinal da Aliança,Noé e o Arco-Íris,Gênesis 6 a 9,09,noah_scene_09.mp3,assets/audio/noah/noah_scene_09.mp3,"Quando a terra secou, Deus mandou Noé sair da arca com sua família e os animais. Noé construiu um altar e adorou ao Senhor. Antes de seguir a vida, ele agradeceu a Deus. Noé sabia que havia sido guardado pelo cuidado do Senhor.",Voz de gratidão.,"Trilha reverente, sem exagero."
02,Noé e o Sinal da Aliança,Noé e o Arco-Íris,Gênesis 6 a 9,10,noah_scene_10.mp3,assets/audio/noah/noah_scene_10.mp3,"Deus fez uma aliança com Noé, com sua família e com todos os seres vivos. Ele colocou o seu arco nas nuvens como sinal da promessa: as águas nunca mais se tornariam um dilúvio para destruir todos os seres vivos. Quando vemos o arco nas nuvens, lembramos da fidelidade e da misericórdia de Deus.","Voz final, cheia de esperança.","Som suave após chuva, pássaros discretos."
03,Davi e Golias,,1 Samuel 17,01,david_goliath_scene_01.mp3,assets/audio/david_goliath/david_goliath_scene_01.mp3,"Davi era filho de Jessé, de Belém, e cuidava das ovelhas de sua família. Era um trabalho simples, feito longe dos olhos de muita gente. Mas Deus via o coração de Davi. Nos campos, Davi aprendia a confiar no Senhor enquanto cuidava do rebanho.",Voz simples e acolhedora.,"Campo, ovelhas suaves."
03,Davi e Golias,,1 Samuel 17,02,david_goliath_scene_02.mp3,assets/audio/david_goliath/david_goliath_scene_02.mp3,"No vale de Elá, os israelitas estavam de um lado e os filisteus do outro. Um guerreiro chamado Golias saía para desafiar o povo de Israel. Ele era muito alto, usava armadura e falava com arrogância. Durante muitos dias, suas palavras espalharam medo pelo acampamento.",Voz de suspense moderado.,"Passos pesados distantes, sem assustar."
03,Davi e Golias,,1 Samuel 17,03,david_goliath_scene_03.mp3,assets/audio/david_goliath/david_goliath_scene_03.mp3,O rei Saul e os soldados ficaram com medo. Ninguém queria enfrentar Golias. O desafio parecia grande demais. Mas o problema não era apenas o tamanho do gigante. Golias estava afrontando o povo do Deus vivo.,Voz séria e clara.,"Ambiente de acampamento tenso, leve."
03,Davi e Golias,,1 Samuel 17,04,david_goliath_scene_04.mp3,assets/audio/david_goliath/david_goliath_scene_04.mp3,"Um dia, Davi foi ao acampamento levar comida para seus irmãos. Quando ouviu o desafio de Golias, percebeu a situação com olhos de fé. Davi sabia que o Senhor era maior do que qualquer ameaça. Para ele, a honra de Deus importava mais do que o medo.",Voz de coragem crescente.,Movimento de acampamento e vento suave.
03,Davi e Golias,,1 Samuel 17,05,david_goliath_scene_05.mp3,assets/audio/david_goliath/david_goliath_scene_05.mp3,Davi foi levado ao rei Saul. Saul disse que Davi era jovem e que Golias era um guerreiro experiente. Mas Davi contou como Deus o havia livrado quando protegia as ovelhas de um leão e de um urso. Davi se lembrava do cuidado de Deus no passado.,Voz confiante.,"Som discreto de memória, sem rugidos fortes."
03,Davi e Golias,,1 Samuel 17,06,david_goliath_scene_06.mp3,assets/audio/david_goliath/david_goliath_scene_06.mp3,"Davi disse que o Senhor, que o havia livrado antes, também poderia livrá-lo daquele filisteu. Ele não confiava em sua própria força. Confiava no Deus vivo. Saul então permitiu que Davi fosse, desejando que o Senhor estivesse com ele.",Voz firme e reverente.,"Trilha de coragem, suave."
03,Davi e Golias,,1 Samuel 17,07,david_goliath_scene_07.mp3,assets/audio/david_goliath/david_goliath_scene_07.mp3,"Davi pegou seu cajado, escolheu cinco pedras lisas no ribeiro e tomou sua funda. Ele não usou a armadura de Saul, porque não estava acostumado com ela. Davi foi com o que conhecia, mas acima de tudo foi confiando no Senhor.",Voz prática e determinada.,Água de ribeiro e passos leves.
03,Davi e Golias,,1 Samuel 17,08,david_goliath_scene_08.mp3,assets/audio/david_goliath/david_goliath_scene_08.mp3,"Golias zombou de Davi, mas Davi respondeu com fé. Ele disse que vinha em nome do Senhor dos Exércitos, o Deus de Israel. Davi declarou que todos saberiam que a vitória não vem por espada ou lança, porque a batalha pertence ao Senhor.","Voz forte, sem agressividade.","Silêncio antes da ação, tensão leve."
03,Davi e Golias,,1 Samuel 17,09,david_goliath_scene_09.mp3,assets/audio/david_goliath/david_goliath_scene_09.mp3,"Davi correu para a batalha, colocou uma pedra na funda e a lançou. A pedra atingiu Golias, e o gigante caiu. Deus livrou Israel por meio de um jovem que confiou no Senhor. A vitória mostrou que Deus pode agir de maneiras simples e surpreendentes.",Voz de surpresa e alívio.,"Som de giro da funda e queda abafada, sem violência gráfica."
03,Davi e Golias,,1 Samuel 17,10,david_goliath_scene_10.mp3,assets/audio/david_goliath/david_goliath_scene_10.mp3,"O povo de Israel viu que o Senhor havia dado livramento. O medo deu lugar à coragem. Davi não venceu porque era o mais forte, mas porque confiou no Deus vivo. Confiando em Deus, podemos obedecer com coragem mesmo diante de desafios grandes.",Voz celebrativa e segura.,"Trilha alegre de vitória, sem gritos agressivos."
04,Jesus e as Crianças,,Marcos 10:13 a 16,01,jesus_children_scene_01.mp3,assets/audio/jesus_children/jesus_children_scene_01.mp3,Algumas pessoas levaram crianças até Jesus para que Ele as tocasse e as abençoasse. Elas sabiam que estar perto de Jesus era algo precioso. Pais e responsáveis queriam que suas crianças recebessem o cuidado do Mestre.,Voz doce e acolhedora.,Ambiente de caminhada tranquila.
04,Jesus e as Crianças,,Marcos 10:13 a 16,02,jesus_children_scene_02.mp3,assets/audio/jesus_children/jesus_children_scene_02.mp3,"Os discípulos viram as crianças chegando e começaram a impedir as pessoas. Eles pensaram que Jesus não deveria ser incomodado. Mas estavam enganados. Para Jesus, as crianças não eram um problema. Elas eram bem-vindas.","Voz gentil, com leve tristeza.","Pausa suave, sem tensão forte."
04,Jesus e as Crianças,,Marcos 10:13 a 16,03,jesus_children_scene_03.mp3,assets/audio/jesus_children/jesus_children_scene_03.mp3,"Quando Jesus viu aquilo, ficou indignado. Ele não aceitou que as crianças fossem afastadas. Jesus mostrou que elas tinham valor diante de Deus. Nenhuma criança deveria ser impedida de se aproximar Dele.",Voz firme e amorosa.,Trilha leve de atenção.
04,Jesus e as Crianças,,Marcos 10:13 a 16,04,jesus_children_scene_04.mp3,assets/audio/jesus_children/jesus_children_scene_04.mp3,"Jesus disse: “Deixem vir a mim os pequeninos. Não os impeçam.” Essas palavras mostraram o coração de Jesus. Ele chamava as crianças para perto, com amor, cuidado e alegria.","Voz firme, terna e clara.","Brilho suave, ambiente acolhedor."
04,Jesus e as Crianças,,Marcos 10:13 a 16,05,jesus_children_scene_05.mp3,assets/audio/jesus_children/jesus_children_scene_05.mp3,"Jesus também ensinou que o Reino de Deus deve ser recebido com confiança simples, como a de uma criança. Ele não estava dizendo que adultos não importam. Estava ensinando que Deus se alegra com um coração humilde e confiante.",Voz didática e leve.,Trilha serena.
04,Jesus e as Crianças,,Marcos 10:13 a 16,06,jesus_children_scene_06.mp3,assets/audio/jesus_children/jesus_children_scene_06.mp3,"As crianças puderam se aproximar de Jesus. Elas não precisavam ter medo. Jesus as recebeu com bondade. Perto Dele, havia espaço para os pequenos, para os simples e para todos que confiam em Deus.",Voz calorosa.,"Sons suaves de crianças felizes, bem discretos."
04,Jesus e as Crianças,,Marcos 10:13 a 16,07,jesus_children_scene_07.mp3,assets/audio/jesus_children/jesus_children_scene_07.mp3,"Jesus tomou as crianças nos braços. Esse gesto mostrava carinho, aceitação e cuidado. Ele não apenas falou sobre amor. Ele demonstrou amor. Cada criança ali era importante para Ele.",Voz emocionada e suave.,Trilha de ternura.
04,Jesus e as Crianças,,Marcos 10:13 a 16,08,jesus_children_scene_08.mp3,assets/audio/jesus_children/jesus_children_scene_08.mp3,"Depois, Jesus colocou as mãos sobre as crianças e as abençoou. A bênção de Jesus mostrava o cuidado de Deus por elas. Aquele momento ensinou a todos que as crianças são preciosas para o Senhor.",Voz reverente e alegre.,"Som delicado de bênção, sem efeito mágico."
04,Jesus e as Crianças,,Marcos 10:13 a 16,09,jesus_children_scene_09.mp3,assets/audio/jesus_children/jesus_children_scene_09.mp3,"Os discípulos aprenderam uma lição importante. Eles não deveriam afastar as crianças, mas ajudar as pessoas a chegarem perto de Jesus. O amor de Jesus inclui os pequenos. O Reino de Deus também é anunciado a eles.",Voz de aprendizado.,Ambiente calmo de conclusão.
04,Jesus e as Crianças,,Marcos 10:13 a 16,10,jesus_children_scene_10.mp3,assets/audio/jesus_children/jesus_children_scene_10.mp3,"Jesus ama as crianças. Quando você ora, pode falar com Ele com confiança. Você é precioso para Deus. Jesus acolhe, cuida e ensina que um coração simples e confiante agrada ao Senhor.","Voz final, pessoal e acolhedora.",Trilha leve e esperançosa.
05,Daniel e os Leões,,Daniel 6,01,daniel_lions_scene_01.mp3,assets/audio/daniel_lions/daniel_lions_scene_01.mp3,"Daniel havia sido levado para longe de sua terra quando era jovem, mas muitos anos se passaram. No tempo do rei Dario, Daniel servia com sabedoria e fidelidade. Ele era conhecido por fazer seu trabalho com excelência e por permanecer fiel a Deus.",Voz narrativa e respeitosa.,"Ambiente de palácio antigo, discreto."
05,Daniel e os Leões,,Daniel 6,02,daniel_lions_scene_02.mp3,assets/audio/daniel_lions/daniel_lions_scene_02.mp3,"Daniel tinha o costume de orar a Deus três vezes ao dia. Ele abria a janela voltada para Jerusalém e falava com o Senhor. A oração fazia parte de sua vida. Mesmo sendo ocupado e importante no reino, Daniel não abandonava seu compromisso com Deus.",Voz calma e reverente.,Ambiente silencioso de oração.
05,Daniel e os Leões,,Daniel 6,03,daniel_lions_scene_03.mp3,assets/audio/daniel_lions/daniel_lions_scene_03.mp3,"Alguns líderes tiveram inveja de Daniel. Procuraram uma falha em seu trabalho, mas não encontraram. Então decidiram usar sua fidelidade a Deus contra ele. Aquilo era injusto, mas Daniel continuaria fazendo o que era certo.","Voz séria, sem assustar.",Tensão leve.
05,Daniel e os Leões,,Daniel 6,04,daniel_lions_scene_04.mp3,assets/audio/daniel_lions/daniel_lions_scene_04.mp3,"Esses homens convenceram o rei Dario a assinar uma lei: durante trinta dias, ninguém poderia fazer pedidos a qualquer deus ou pessoa, somente ao rei. Quem desobedecesse seria lançado na cova dos leões. O rei assinou sem perceber a armadilha.",Voz cautelosa.,Som de selo ou pergaminho.
05,Daniel e os Leões,,Daniel 6,05,daniel_lions_scene_05.mp3,assets/audio/daniel_lions/daniel_lions_scene_05.mp3,"Daniel soube da lei. Mesmo assim, voltou para sua casa, abriu a janela como de costume e orou a Deus. Ele não fez isso para aparecer, mas porque sua fidelidade ao Senhor não dependia da aprovação dos homens.",Voz firme e serena.,"Ambiente de oração, sem dramatização pesada."
05,Daniel e os Leões,,Daniel 6,06,daniel_lions_scene_06.mp3,assets/audio/daniel_lions/daniel_lions_scene_06.mp3,"Os inimigos de Daniel o viram orando e foram acusá-lo diante do rei. Dario ficou angustiado, porque gostava de Daniel e queria livrá-lo. Mas a lei não podia ser mudada. O rei percebeu tarde demais que havia sido enganado.",Voz triste e contida.,Tensão leve de palácio.
05,Daniel e os Leões,,Daniel 6,07,daniel_lions_scene_07.mp3,assets/audio/daniel_lions/daniel_lions_scene_07.mp3,"Daniel foi lançado na cova dos leões. O rei disse que o Deus a quem Daniel servia continuamente poderia livrá-lo. Uma pedra foi colocada sobre a entrada da cova. Naquela noite, o rei não conseguiu dormir.","Voz de suspense leve, sem terror.",Rugidos bem distantes e suaves.
05,Daniel e os Leões,,Daniel 6,08,daniel_lions_scene_08.mp3,assets/audio/daniel_lions/daniel_lions_scene_08.mp3,"Dentro da cova, Daniel não estava sozinho. Deus enviou seu anjo e fechou a boca dos leões, para que eles não lhe fizessem mal. Daniel passou a noite protegido pelo Senhor.",Voz reverente e segura.,"Rugidos cessando, silêncio calmo."
05,Daniel e os Leões,,Daniel 6,09,daniel_lions_scene_09.mp3,assets/audio/daniel_lions/daniel_lions_scene_09.mp3,"Ao amanhecer, o rei correu até a cova e chamou Daniel. Ele queria saber se o Deus vivo havia livrado seu servo. Então Daniel respondeu de dentro da cova. O rei ouviu sua voz e se alegrou muito.",Voz de esperança crescente.,"Passos rápidos, amanhecer suave."
05,Daniel e os Leões,,Daniel 6,10,daniel_lions_scene_10.mp3,assets/audio/daniel_lions/daniel_lions_scene_10.mp3,"Daniel saiu da cova sem ferimento algum, porque Deus o havia guardado. O rei reconheceu que o Deus de Daniel é vivo e poderoso. A história de Daniel nos lembra que podemos ser fiéis a Deus, mesmo quando é difícil.","Voz final, confiante.",Trilha de livramento e gratidão.
06,Jonas e o Grande Peixe,Jonas e o Peixe,Jonas 1 a 4,01,jonah_big_fish_scene_01.mp3,assets/audio/jonah_big_fish/jonah_big_fish_scene_01.mp3,"Deus falou com Jonas e mandou que ele fosse a Nínive, uma grande cidade, para anunciar uma mensagem séria. O povo de lá precisava se voltar para Deus. A missão era difícil, mas Deus estava chamando Jonas para obedecer.",Voz clara e missionária.,Ambiente de início de jornada.
06,Jonas e o Grande Peixe,Jonas e o Peixe,Jonas 1 a 4,02,jonah_big_fish_scene_02.mp3,assets/audio/jonah_big_fish/jonah_big_fish_scene_02.mp3,"Jonas decidiu fugir. Ele foi ao porto, entrou em um navio e seguiu para o lado oposto de Nínive. Mas ninguém consegue se esconder de Deus. O Senhor vê nossos caminhos e nos chama de volta quando estamos fugindo.",Voz de alerta amoroso.,Som de porto e mar suave.
06,Jonas e o Grande Peixe,Jonas e o Peixe,Jonas 1 a 4,03,jonah_big_fish_scene_03.mp3,assets/audio/jonah_big_fish/jonah_big_fish_scene_03.mp3,"Deus mandou um grande vento, e uma tempestade se levantou no mar. O navio balançava, e os marinheiros ficaram com medo. Enquanto isso, Jonas dormia no porão. O capitão o acordou e pediu que ele clamasse ao seu Deus.",Voz de suspense controlado.,"Ondas e vento, sem barulho assustador."
06,Jonas e o Grande Peixe,Jonas e o Peixe,Jonas 1 a 4,04,jonah_big_fish_scene_04.mp3,assets/audio/jonah_big_fish/jonah_big_fish_scene_04.mp3,"Os marinheiros descobriram que Jonas havia fugido da presença do Senhor. Jonas reconheceu seu erro e disse que fosse lançado ao mar. Os homens ainda tentaram remar, mas não conseguiram. Quando Jonas foi lançado ao mar, a tempestade se acalmou.",Voz séria e compassiva.,Mar agitado diminuindo aos poucos.
06,Jonas e o Grande Peixe,Jonas e o Peixe,Jonas 1 a 4,05,jonah_big_fish_scene_05.mp3,assets/audio/jonah_big_fish/jonah_big_fish_scene_05.mp3,"Deus preparou um grande peixe para engolir Jonas. Jonas ficou vivo dentro do peixe por três dias e três noites. Aquilo não era o fim da história. Mesmo ali, Deus estava preservando Jonas e chamando seu coração de volta.","Voz de surpresa, mas segura.",Água profunda e som grave suave.
06,Jonas e o Grande Peixe,Jonas e o Peixe,Jonas 1 a 4,06,jonah_big_fish_scene_06.mp3,assets/audio/jonah_big_fish/jonah_big_fish_scene_06.mp3,"Dentro do peixe, Jonas orou ao Senhor. Ele reconheceu que precisava de Deus e se lembrou da misericórdia do Senhor. Jonas aprendeu que Deus ouve a oração em qualquer lugar, até no lugar mais improvável.",Voz íntima e reverente.,"Silêncio profundo, bolhas suaves."
06,Jonas e o Grande Peixe,Jonas e o Peixe,Jonas 1 a 4,07,jonah_big_fish_scene_07.mp3,assets/audio/jonah_big_fish/jonah_big_fish_scene_07.mp3,"Depois de três dias e três noites, Deus falou ao peixe, e o peixe deixou Jonas em terra seca. Jonas recebeu uma nova oportunidade. A misericórdia de Deus o alcançou de novo.",Voz de alívio e recomeço.,"Água chegando à praia, leve."
06,Jonas e o Grande Peixe,Jonas e o Peixe,Jonas 1 a 4,08,jonah_big_fish_scene_08.mp3,assets/audio/jonah_big_fish/jonah_big_fish_scene_08.mp3,"Deus falou outra vez com Jonas: ele deveria ir a Nínive. Dessa vez, Jonas obedeceu. Ele entrou na cidade e anunciou a mensagem que Deus lhe havia dado. A palavra era séria, mas também era uma chance para o povo se arrepender.",Voz firme e obediente.,"Ambiente de cidade, discreto."
06,Jonas e o Grande Peixe,Jonas e o Peixe,Jonas 1 a 4,09,jonah_big_fish_scene_09.mp3,assets/audio/jonah_big_fish/jonah_big_fish_scene_09.mp3,"O povo de Nínive ouviu a mensagem e se arrependeu. Desde o rei até as pessoas mais simples, muitos buscaram a misericórdia de Deus. Quando Deus viu o arrependimento deles, teve compaixão e não trouxe a destruição anunciada.",Voz esperançosa.,Trilha de arrependimento e esperança.
06,Jonas e o Grande Peixe,Jonas e o Peixe,Jonas 1 a 4,10,jonah_big_fish_scene_10.mp3,assets/audio/jonah_big_fish/jonah_big_fish_scene_10.mp3,"Jonas ficou contrariado, mas Deus lhe ensinou uma lição. O Senhor se importa com pessoas que precisam de misericórdia. Deus é bondoso, paciente e compassivo. A história de Jonas mostra que Deus chama, corrige e ama mais do que conseguimos entender.",Voz reflexiva e final.,Trilha suave de encerramento.
07,A Ovelha Perdida,,Lucas 15:1 a 7,01,lost_sheep_scene_01.mp3,assets/audio/lost_sheep/lost_sheep_scene_01.mp3,"Jesus contou uma parábola sobre um pastor que tinha cem ovelhas. Ele conhecia seu rebanho e cuidava dele. Com essa história, Jesus queria mostrar como Deus se importa com cada pessoa.",Voz de contador de história.,"Campo calmo, ovelhas suaves."
07,A Ovelha Perdida,,Lucas 15:1 a 7,02,lost_sheep_scene_02.mp3,assets/audio/lost_sheep/lost_sheep_scene_02.mp3,"Na parábola, uma das ovelhas se perdeu. Ela se afastou do rebanho e ficou sozinha. Longe do pastor, estava em perigo e precisava ser encontrada.","Voz suave, com preocupação leve.","Vento leve, ovelha distante."
07,A Ovelha Perdida,,Lucas 15:1 a 7,03,lost_sheep_scene_03.mp3,assets/audio/lost_sheep/lost_sheep_scene_03.mp3,"O pastor percebeu que uma ovelha faltava. Ele deixou as noventa e nove em segurança e saiu para procurar a que se havia perdido. Para o pastor, aquela ovelha também era preciosa.",Voz decidida e cuidadosa.,Passos na grama.
07,A Ovelha Perdida,,Lucas 15:1 a 7,04,lost_sheep_scene_04.mp3,assets/audio/lost_sheep/lost_sheep_scene_04.mp3,O pastor procurou com atenção. Ele não tratou a ovelha perdida como sem valor. Continuou buscando até encontrá-la. Jesus mostrou que Deus não olha com indiferença para quem está longe.,Voz de busca e carinho.,Ambiente de procura tranquila.
07,A Ovelha Perdida,,Lucas 15:1 a 7,05,lost_sheep_scene_05.mp3,assets/audio/lost_sheep/lost_sheep_scene_05.mp3,A ovelha talvez estivesse cansada e assustada. Mas o pastor não desistiu. Ele continuou procurando até ouvir e encontrar a que estava perdida.,Voz de esperança.,Ovelha suave ao longe.
07,A Ovelha Perdida,,Lucas 15:1 a 7,06,lost_sheep_scene_06.mp3,assets/audio/lost_sheep/lost_sheep_scene_06.mp3,"Quando o pastor encontrou a ovelha, ficou cheio de alegria. Ele não a tratou com dureza. Colocou-a sobre os ombros e a levou de volta com cuidado.",Voz aliviada e alegre.,Trilha de reencontro.
07,A Ovelha Perdida,,Lucas 15:1 a 7,07,lost_sheep_scene_07.mp3,assets/audio/lost_sheep/lost_sheep_scene_07.mp3,A ovelha voltou nos ombros do pastor. Ela não precisou fazer o caminho sozinha. Jesus usou essa imagem para mostrar a alegria de Deus quando alguém se arrepende e volta para perto Dele.,Voz acolhedora.,"Passos de retorno, música calma."
07,A Ovelha Perdida,,Lucas 15:1 a 7,08,lost_sheep_scene_08.mp3,assets/audio/lost_sheep/lost_sheep_scene_08.mp3,"Ao chegar, o pastor chamou amigos e vizinhos para celebrar. Ele disse que havia encontrado sua ovelha perdida. A alegria do pastor era grande porque aquilo que estava perdido havia sido encontrado.",Voz celebrativa.,"Alegria discreta, sem festa exagerada."
07,A Ovelha Perdida,,Lucas 15:1 a 7,09,lost_sheep_scene_09.mp3,assets/audio/lost_sheep/lost_sheep_scene_09.mp3,Jesus explicou que há alegria no céu por uma pessoa que se arrepende. A parábola nos ensina que ninguém é pequeno demais para o cuidado de Deus. Cada pessoa é preciosa para Ele.,Voz didática e reverente.,Trilha leve.
07,A Ovelha Perdida,,Lucas 15:1 a 7,10,lost_sheep_scene_10.mp3,assets/audio/lost_sheep/lost_sheep_scene_10.mp3,"Quando você se sentir sozinho ou longe, lembre-se da parábola que Jesus contou. Deus chama você para perto Dele com amor. Ele se alegra quando o coração volta para o caminho certo.",Voz pessoal e carinhosa.,Encerramento esperançoso.
08,O Bom Samaritano,,Lucas 10:25 a 37,01,good_samaritan_scene_01.mp3,assets/audio/good_samaritan/good_samaritan_scene_01.mp3,Um mestre da lei perguntou a Jesus o que deveria fazer para herdar a vida eterna. Jesus perguntou o que estava escrito na Lei. O homem respondeu que devemos amar a Deus de todo o coração e amar o próximo como a nós mesmos. Então ele perguntou: “Quem é o meu próximo?”,Voz conversada e clara.,Ambiente de ensino tranquilo.
08,O Bom Samaritano,,Lucas 10:25 a 37,02,good_samaritan_scene_02.mp3,assets/audio/good_samaritan/good_samaritan_scene_02.mp3,Jesus respondeu contando uma parábola. Um homem descia de Jerusalém para Jericó quando foi atacado por assaltantes. Eles levaram o que ele tinha e o deixaram ferido no caminho. O homem precisava muito de ajuda.,"Voz séria, sem violência gráfica.",Passos e vento de estrada.
08,O Bom Samaritano,,Lucas 10:25 a 37,03,good_samaritan_scene_03.mp3,assets/audio/good_samaritan/good_samaritan_scene_03.mp3,"Um sacerdote passou por aquele caminho. Ele viu o homem ferido, mas passou pelo outro lado e não parou para ajudar. A pessoa caída continuou sozinha na estrada.",Voz triste e objetiva.,Passos se afastando.
08,O Bom Samaritano,,Lucas 10:25 a 37,04,good_samaritan_scene_04.mp3,assets/audio/good_samaritan/good_samaritan_scene_04.mp3,"Depois, um levita também passou por ali. Ele viu o homem ferido, mas também seguiu adiante. Mais uma vez, quem precisava de ajuda foi deixado sem cuidado.",Voz contida.,"Passos se afastando, silêncio."
08,O Bom Samaritano,,Lucas 10:25 a 37,05,good_samaritan_scene_05.mp3,assets/audio/good_samaritan/good_samaritan_scene_05.mp3,"Então chegou um samaritano. Judeus e samaritanos não costumavam se dar bem, mas aquele homem não passou de largo. Quando viu o ferido, teve compaixão e se aproximou para cuidar dele.",Voz de esperança.,Trilha suave de compaixão.
08,O Bom Samaritano,,Lucas 10:25 a 37,06,good_samaritan_scene_06.mp3,assets/audio/good_samaritan/good_samaritan_scene_06.mp3,"O samaritano tratou as feridas do homem, aplicando azeite e vinho, como se fazia naquele tempo, e colocou faixas sobre elas. Ele cuidou de alguém que nem conhecia. A compaixão virou atitude.",Voz cuidadosa e prática.,Som leve de tecido e cuidado.
08,O Bom Samaritano,,Lucas 10:25 a 37,07,good_samaritan_scene_07.mp3,assets/audio/good_samaritan/good_samaritan_scene_07.mp3,"Depois, o samaritano colocou o homem em seu próprio animal e o levou devagar até uma estalagem. Lá, continuou cuidando dele. Seu amor não ficou apenas em palavras.",Voz gentil.,Passos lentos de animal na estrada.
08,O Bom Samaritano,,Lucas 10:25 a 37,08,good_samaritan_scene_08.mp3,assets/audio/good_samaritan/good_samaritan_scene_08.mp3,"No dia seguinte, o samaritano entregou dinheiro ao dono da estalagem e pediu que continuasse cuidando do homem. Também prometeu pagar o que fosse necessário quando voltasse. Ele deu tempo, cuidado e recursos para ajudar.",Voz de admiração.,Ambiente de estalagem discreto.
08,O Bom Samaritano,,Lucas 10:25 a 37,09,good_samaritan_scene_09.mp3,assets/audio/good_samaritan/good_samaritan_scene_09.mp3,"Depois da parábola, Jesus perguntou qual dos três havia sido o próximo do homem ferido. O mestre da lei respondeu que foi aquele que usou de misericórdia. Ele havia entendido a lição.",Voz didática.,Pausa reflexiva.
08,O Bom Samaritano,,Lucas 10:25 a 37,10,good_samaritan_scene_10.mp3,assets/audio/good_samaritan/good_samaritan_scene_10.mp3,"Então Jesus disse: “Vá e faça o mesmo.” Amar o próximo não é apenas saber a resposta certa. É agir com misericórdia. Quando alguém precisa de ajuda, Deus nos chama a olhar, aproximar e cuidar.","Voz final, encorajadora.",Trilha leve de missão.
09,Abraão e as Estrelas,,Gênesis 15,01,abraham_stars_scene_01.mp3,assets/audio/abraham_stars/abraham_stars_scene_01.mp3,"Em uma noite especial, Deus falou com Abrão, que mais tarde seria chamado Abraão. Em uma visão, o Senhor disse que era seu escudo e sua recompensa. Abrão ouviu com atenção, mas carregava uma pergunta no coração.",Voz tranquila e reverente.,"Noite suave, grilos discretos."
09,Abraão e as Estrelas,,Gênesis 15,02,abraham_stars_scene_02.mp3,assets/audio/abraham_stars/abraham_stars_scene_02.mp3,"Abrão disse ao Senhor que não tinha filho. Ele se perguntava como a promessa de Deus se cumpriria. Abrão foi sincero diante de Deus, e Deus ouviu seu coração.",Voz íntima e respeitosa.,Silêncio de noite.
09,Abraão e as Estrelas,,Gênesis 15,03,abraham_stars_scene_03.mp3,assets/audio/abraham_stars/abraham_stars_scene_03.mp3,"Então Deus levou Abrão para fora e mandou que ele olhasse para o céu. As estrelas brilhavam acima dele. Deus disse que a descendência de Abrão seria numerosa, como as estrelas que ele não conseguia contar.",Voz de encantamento.,Cintilar suave.
09,Abraão e as Estrelas,,Gênesis 15,04,abraham_stars_scene_04.mp3,assets/audio/abraham_stars/abraham_stars_scene_04.mp3,"Abrão creu no Senhor. Mesmo sem ver a promessa cumprida naquele momento, ele confiou na palavra de Deus. A Bíblia diz que o Senhor recebeu essa fé como justiça.",Voz serena e forte.,Trilha leve de fé.
09,Abraão e as Estrelas,,Gênesis 15,05,abraham_stars_scene_05.mp3,assets/audio/abraham_stars/abraham_stars_scene_05.mp3,"Deus também falou sobre a terra que daria à descendência de Abrão. Ele estava formando uma aliança, uma promessa firme. Deus não esquece o que promete.",Voz segura.,Ambiente de promessa.
09,Abraão e as Estrelas,,Gênesis 15,06,abraham_stars_scene_06.mp3,assets/audio/abraham_stars/abraham_stars_scene_06.mp3,"Naquele dia, Deus mostrou que conhecia o futuro. Falou sobre gerações que ainda viriam e sobre tempos difíceis e de livramento. Deus vê além do que nós conseguimos ver.",Voz contemplativa.,Trilha misteriosa suave.
09,Abraão e as Estrelas,,Gênesis 15,07,abraham_stars_scene_07.mp3,assets/audio/abraham_stars/abraham_stars_scene_07.mp3,"Abrão preparou tudo conforme o Senhor havia mandado. Ele esperou diante de Deus. Às vezes, confiar também significa esperar com o coração atento.",Voz paciente.,Silêncio reverente.
09,Abraão e as Estrelas,,Gênesis 15,08,abraham_stars_scene_08.mp3,assets/audio/abraham_stars/abraham_stars_scene_08.mp3,"Quando o sol já havia se posto, Deus confirmou sua aliança de forma solene. A presença de Deus passou entre os animais preparados. A promessa vinha do Senhor e seria sustentada por Ele.","Voz reverente, sem exagero.","Som grave e luminoso, sem parecer magia."
09,Abraão e as Estrelas,,Gênesis 15,09,abraham_stars_scene_09.mp3,assets/audio/abraham_stars/abraham_stars_scene_09.mp3,Deus prometeu uma terra para a descendência de Abrão. Aquela promessa fazia parte de um plano maior. Deus estava conduzindo a história com fidelidade.,Voz ampla e esperançosa.,Trilha de horizonte.
09,Abraão e as Estrelas,,Gênesis 15,10,abraham_stars_scene_10.mp3,assets/audio/abraham_stars/abraham_stars_scene_10.mp3,"As estrelas lembravam a Abrão que Deus é fiel. Ele ainda não via tudo pronto, mas confiava em quem havia prometido. A fé de Abrão nos ensina a confiar na palavra do Senhor.",Voz final e confiante.,Noite com música suave.
10,José e a Túnica Especial,José e o Manto Colorido,Gênesis 37 e 39 a 45,01,joseph_colorful_coat_scene_01.mp3,assets/audio/joseph_colorful_coat/joseph_colorful_coat_scene_01.mp3,"Jacó amava José, seu filho, e lhe deu uma túnica especial. Aquilo chamou a atenção dos irmãos de José, que ficaram com ciúmes. Quando o ciúme cresce no coração, pode trazer tristeza e divisão.","Voz familiar, com alerta leve.",Ambiente de casa e tecido suave.
10,José e a Túnica Especial,José e o Manto Colorido,Gênesis 37 e 39 a 45,02,joseph_colorful_coat_scene_02.mp3,assets/audio/joseph_colorful_coat/joseph_colorful_coat_scene_02.mp3,"José teve sonhos que mostravam que, um dia, sua família se curvaria diante dele. Quando contou os sonhos, seus irmãos ficaram ainda mais irritados. José ainda não entendia tudo, mas Deus conduziria sua história.",Voz de mistério suave.,Som de sonho discreto.
10,José e a Túnica Especial,José e o Manto Colorido,Gênesis 37 e 39 a 45,03,joseph_colorful_coat_scene_03.mp3,assets/audio/joseph_colorful_coat/joseph_colorful_coat_scene_03.mp3,Os irmãos de José deixaram a raiva crescer. Eles começaram a planejar algo muito errado contra ele. A história mostra como o pecado no coração pode machucar pessoas de verdade.,"Voz séria, sem terror.",Tensão leve.
10,José e a Túnica Especial,José e o Manto Colorido,Gênesis 37 e 39 a 45,04,joseph_colorful_coat_scene_04.mp3,assets/audio/joseph_colorful_coat/joseph_colorful_coat_scene_04.mp3,"José foi vendido a mercadores e levado para o Egito, longe de sua família. Foi uma situação muito triste e injusta. Mesmo assim, Deus não abandonou José.",Voz compassiva.,Passos e camelos distantes.
10,José e a Túnica Especial,José e o Manto Colorido,Gênesis 37 e 39 a 45,05,joseph_colorful_coat_scene_05.mp3,assets/audio/joseph_colorful_coat/joseph_colorful_coat_scene_05.mp3,"No Egito, José foi trabalhar na casa de Potifar. Ele serviu com responsabilidade, e o Senhor estava com ele. Mesmo longe de casa, José continuou vivendo diante de Deus.",Voz firme e esperançosa.,Ambiente de casa antiga.
10,José e a Túnica Especial,José e o Manto Colorido,Gênesis 37 e 39 a 45,06,joseph_colorful_coat_scene_06.mp3,assets/audio/joseph_colorful_coat/joseph_colorful_coat_scene_06.mp3,"Depois, José sofreu uma injustiça e foi colocado na prisão. A prisão era um lugar difícil, mas Deus continuava com ele. A presença do Senhor não dependia do lugar onde José estava.",Voz de esperança em meio à tristeza.,"Ambiente silencioso, luz suave."
10,José e a Túnica Especial,José e o Manto Colorido,Gênesis 37 e 39 a 45,07,joseph_colorful_coat_scene_07.mp3,assets/audio/joseph_colorful_coat/joseph_colorful_coat_scene_07.mp3,"Na prisão, alguns homens tiveram sonhos. José sabia que a interpretação pertence a Deus. Ele ajudou aqueles homens, reconhecendo que a sabedoria vinha do Senhor.",Voz cuidadosa.,Som discreto de sonho.
10,José e a Túnica Especial,José e o Manto Colorido,Gênesis 37 e 39 a 45,08,joseph_colorful_coat_scene_08.mp3,assets/audio/joseph_colorful_coat/joseph_colorful_coat_scene_08.mp3,"Mais tarde, o faraó teve sonhos que ninguém conseguia explicar. Então se lembraram de José. Deus deu a José sabedoria para entender os sonhos e orientar o Egito em um tempo de fome.",Voz de virada e surpresa.,Ambiente de palácio.
10,José e a Túnica Especial,José e o Manto Colorido,Gênesis 37 e 39 a 45,09,joseph_colorful_coat_scene_09.mp3,assets/audio/joseph_colorful_coat/joseph_colorful_coat_scene_09.mp3,José foi tirado da prisão e colocado em uma posição importante no Egito. Ele ajudou a guardar alimento e salvar muitas vidas durante a fome. Deus estava transformando sofrimento em cuidado para muitos.,"Voz celebrativa, sem exagero.",Trilha de esperança.
10,José e a Túnica Especial,José e o Manto Colorido,Gênesis 37 e 39 a 45,10,joseph_colorful_coat_scene_10.mp3,assets/audio/joseph_colorful_coat/joseph_colorful_coat_scene_10.mp3,"Quando seus irmãos foram ao Egito buscar comida, José os reconheceu. Ele poderia ter respondido com vingança, mas escolheu perdoar. José entendeu que Deus havia usado sua história para preservar vidas.",Voz emocionada e reconciliadora.,Trilha suave de perdão.
11,Moisés e o Mar Vermelho,,Êxodo 13:17 a 15:21,01,moses_red_sea_scene_01.mp3,assets/audio/moses_red_sea/moses_red_sea_scene_01.mp3,"Depois de muito tempo no Egito, o povo de Israel saiu em direção à liberdade. Deus havia ouvido o clamor do seu povo e estava conduzindo a caminhada. A viagem pelo deserto começava sob o cuidado do Senhor.",Voz de início de jornada.,"Passos de multidão, vento suave."
11,Moisés e o Mar Vermelho,,Êxodo 13:17 a 15:21,02,moses_red_sea_scene_02.mp3,assets/audio/moses_red_sea/moses_red_sea_scene_02.mp3,Faraó mudou de ideia e enviou seu exército atrás dos israelitas. Carros de guerra e cavaleiros se aproximavam. O povo olhou para trás e viu o perigo chegando.,Voz de suspense moderado.,Tambores baixos e passos distantes.
11,Moisés e o Mar Vermelho,,Êxodo 13:17 a 15:21,03,moses_red_sea_scene_03.mp3,assets/audio/moses_red_sea/moses_red_sea_scene_03.mp3,"À frente estava o mar. Atrás, o exército do Egito. O povo ficou com medo e começou a reclamar com Moisés. Parecia não haver saída, mas Deus ainda não havia terminado a história.","Voz tensa, com esperança.",Mar ao fundo.
11,Moisés e o Mar Vermelho,,Êxodo 13:17 a 15:21,04,moses_red_sea_scene_04.mp3,assets/audio/moses_red_sea/moses_red_sea_scene_04.mp3,"Moisés respondeu ao povo que não tivesse medo. Ele disse que ficariam firmes e veriam o livramento do Senhor. Deus lutaria por eles. Naquele momento, o povo precisava confiar.",Voz firme e encorajadora.,Trilha de fé crescente.
11,Moisés e o Mar Vermelho,,Êxodo 13:17 a 15:21,05,moses_red_sea_scene_05.mp3,assets/audio/moses_red_sea/moses_red_sea_scene_05.mp3,A coluna de nuvem se moveu e ficou entre Israel e o exército egípcio. Deus colocou separação entre o seu povo e o perigo. O Senhor guardava Israel enquanto preparava o caminho.,Voz reverente.,Vento e ambiente de proteção.
11,Moisés e o Mar Vermelho,,Êxodo 13:17 a 15:21,06,moses_red_sea_scene_06.mp3,assets/audio/moses_red_sea/moses_red_sea_scene_06.mp3,"Deus mandou Moisés estender a mão sobre o mar. Durante a noite, o Senhor fez soprar um forte vento, e as águas começaram a se dividir. Deus estava abrindo caminho onde parecia impossível passar.",Voz de admiração.,"Vento crescente, sem estrondo agressivo."
11,Moisés e o Mar Vermelho,,Êxodo 13:17 a 15:21,07,moses_red_sea_scene_07.mp3,assets/audio/moses_red_sea/moses_red_sea_scene_07.mp3,"As águas se abriram, e apareceu um caminho em terra seca. O povo de Israel atravessou pelo meio do mar, com as águas como muros de cada lado. Só o Senhor poderia fazer um livramento assim.",Voz maravilhada.,"Mar abrindo, música ampla."
11,Moisés e o Mar Vermelho,,Êxodo 13:17 a 15:21,08,moses_red_sea_scene_08.mp3,assets/audio/moses_red_sea/moses_red_sea_scene_08.mp3,"Famílias, crianças, idosos e todo o povo atravessaram juntos. Eles caminharam pelo caminho que Deus havia aberto. Cada passo mostrava que o Senhor estava conduzindo seu povo.",Voz segura e calorosa.,Passos leves e água ao redor.
11,Moisés e o Mar Vermelho,,Êxodo 13:17 a 15:21,09,moses_red_sea_scene_09.mp3,assets/audio/moses_red_sea/moses_red_sea_scene_09.mp3,"O exército egípcio tentou seguir pelo mesmo caminho, mas Deus confundiu seus carros. O perigo que perseguia Israel não conseguiu vencer o livramento do Senhor. Deus protegeu seu povo.","Voz séria, sem violência gráfica.","Tensão breve, depois alívio."
11,Moisés e o Mar Vermelho,,Êxodo 13:17 a 15:21,10,moses_red_sea_scene_10.mp3,assets/audio/moses_red_sea/moses_red_sea_scene_10.mp3,"Israel chegou seguro ao outro lado. Então Moisés e o povo louvaram ao Senhor, e Miriam celebrou com tamborim. O povo aprendeu que Deus é poderoso para salvar e digno de todo louvor.",Voz celebrativa.,"Tamborim suave e canto alegre, sem exagero."
12,Rute e Noemi,,Rute 1 a 4,01,ruth_naomi_scene_01.mp3,assets/audio/ruth_naomi/ruth_naomi_scene_01.mp3,"Noemi morava em Moabe com sua família. Seus filhos se casaram com Orfa e Rute. Por um tempo, aquela família viveu junta em uma terra distante. Mas a vida deles passaria por momentos difíceis.",Voz familiar e calma.,Ambiente de casa simples.
12,Rute e Noemi,,Rute 1 a 4,02,ruth_naomi_scene_02.mp3,assets/audio/ruth_naomi/ruth_naomi_scene_02.mp3,Noemi perdeu seu marido e depois seus dois filhos. Foi uma tristeza muito grande. Rute e Orfa também sofreram. A Bíblia mostra que Deus conhece a dor das famílias e não fica longe de quem chora.,Voz compassiva.,Trilha suave de consolo.
12,Rute e Noemi,,Rute 1 a 4,03,ruth_naomi_scene_03.mp3,assets/audio/ruth_naomi/ruth_naomi_scene_03.mp3,"Noemi decidiu voltar para Belém. Ela disse às noras que poderiam voltar para suas famílias. Orfa se despediu com lágrimas, mas Rute não quis abandonar Noemi.",Voz sensível.,"Passos de viagem, choro discreto."
12,Rute e Noemi,,Rute 1 a 4,04,ruth_naomi_scene_04.mp3,assets/audio/ruth_naomi/ruth_naomi_scene_04.mp3,"Rute disse que iria com Noemi. O povo de Noemi seria o seu povo, e o Deus de Noemi seria o seu Deus. Rute escolheu fidelidade, amor e fé, mesmo sem saber como seria o futuro.",Voz emocionada e firme.,Trilha de decisão amorosa.
12,Rute e Noemi,,Rute 1 a 4,05,ruth_naomi_scene_05.mp3,assets/audio/ruth_naomi/ruth_naomi_scene_05.mp3,"Rute e Noemi chegaram a Belém no tempo da colheita. Elas precisavam de alimento. Então Rute foi aos campos recolher espigas deixadas para os pobres e estrangeiros, como a Lei de Deus permitia.",Voz de recomeço.,Campo e colheita suave.
12,Rute e Noemi,,Rute 1 a 4,06,ruth_naomi_scene_06.mp3,assets/audio/ruth_naomi/ruth_naomi_scene_06.mp3,"Rute foi parar no campo de Boaz, um homem bondoso da família de Noemi. Boaz ouviu falar da fidelidade de Rute e a tratou com respeito. Ele permitiu que ela colhesse em segurança.",Voz calorosa.,Ambiente de campo alegre.
12,Rute e Noemi,,Rute 1 a 4,07,ruth_naomi_scene_07.mp3,assets/audio/ruth_naomi/ruth_naomi_scene_07.mp3,"Noemi percebeu que Boaz era um parente que poderia ajudar sua família. Naquele tempo, havia um costume de cuidado chamado resgate. Deus estava abrindo um caminho de proteção para Rute e Noemi.",Voz explicativa e simples.,Trilha de esperança.
12,Rute e Noemi,,Rute 1 a 4,08,ruth_naomi_scene_08.mp3,assets/audio/ruth_naomi/ruth_naomi_scene_08.mp3,Boaz agiu com justiça e bondade. Ele assumiu a responsabilidade de cuidar da família de Noemi e se casou com Rute. A tristeza começou a dar lugar a um novo começo.,Voz alegre e serena.,Celebração discreta.
12,Rute e Noemi,,Rute 1 a 4,09,ruth_naomi_scene_09.mp3,assets/audio/ruth_naomi/ruth_naomi_scene_09.mp3,"Rute e Boaz tiveram um filho chamado Obede. Noemi pôde segurá-lo nos braços com alegria. Depois de tanta dor, Deus trouxe consolo e esperança para aquela família.",Voz de ternura.,Som de bebê bem suave.
12,Rute e Noemi,,Rute 1 a 4,10,ruth_naomi_scene_10.mp3,assets/audio/ruth_naomi/ruth_naomi_scene_10.mp3,"Obede se tornou avô do rei Davi. A história de Rute mostra que Deus trabalha por meio da fidelidade, da bondade e do cuidado entre pessoas. Mesmo em tempos difíceis, o Senhor pode preparar um caminho de esperança.",Voz final e esperançosa.,Trilha de família e promessa.
13,"Ester, a Rainha Corajosa",,Ester 2 a 8,01,esther_queen_scene_01.mp3,assets/audio/esther_queen/esther_queen_scene_01.mp3,"Ester era uma jovem judia criada por seu primo Mardoqueu. Ela vivia em um reino estrangeiro, onde muitas coisas eram diferentes. Mesmo longe de sua história e de seu povo, Ester não estava esquecida.",Voz de apresentação doce.,Ambiente de cidade antiga.
13,"Ester, a Rainha Corajosa",,Ester 2 a 8,02,esther_queen_scene_02.mp3,assets/audio/esther_queen/esther_queen_scene_02.mp3,Ester foi escolhida para se tornar rainha. Era uma posição importante e delicada. Mardoqueu continuava cuidando dela com conselhos sábios. Ester precisava agir com atenção e humildade.,Voz nobre e suave.,Palácio discreto.
13,"Ester, a Rainha Corajosa",,Ester 2 a 8,03,esther_queen_scene_03.mp3,assets/audio/esther_queen/esther_queen_scene_03.mp3,No palácio havia um homem chamado Hamã. Ele ficou cheio de orgulho e raiva contra Mardoqueu e contra o povo judeu. Hamã planejou fazer mal ao povo de Ester.,"Voz séria, sem assustar.",Tensão leve.
13,"Ester, a Rainha Corajosa",,Ester 2 a 8,04,esther_queen_scene_04.mp3,assets/audio/esther_queen/esther_queen_scene_04.mp3,Mardoqueu soube do perigo e ficou muito triste. Ele pediu que Ester falasse com o rei. Mas entrar diante do rei sem ser chamada era arriscado. Ester teria que escolher entre o medo e a coragem.,Voz de preocupação e coragem.,Som de mensagem urgente.
13,"Ester, a Rainha Corajosa",,Ester 2 a 8,05,esther_queen_scene_05.mp3,assets/audio/esther_queen/esther_queen_scene_05.mp3,"Mardoqueu lembrou Ester de que talvez ela estivesse naquela posição para um tempo como aquele. Ester pediu que o povo jejuasse por ela. Depois, decidiu: iria falar com o rei.",Voz firme e reverente.,Trilha de decisão.
13,"Ester, a Rainha Corajosa",,Ester 2 a 8,06,esther_queen_scene_06.mp3,assets/audio/esther_queen/esther_queen_scene_06.mp3,"Ester se vestiu como rainha e entrou no pátio do palácio. O rei a recebeu com favor. Ester não falou tudo de uma vez. Com sabedoria, convidou o rei e Hamã para um banquete.",Voz de suspense suave.,Ambiente de palácio.
13,"Ester, a Rainha Corajosa",,Ester 2 a 8,07,esther_queen_scene_07.mp3,assets/audio/esther_queen/esther_queen_scene_07.mp3,"No momento certo, Ester revelou seu pedido. Ela contou que seu povo estava em perigo e pediu que sua vida e a vida do seu povo fossem preservadas. Ester falou com coragem e verdade.",Voz clara e corajosa.,Pausa de atenção.
13,"Ester, a Rainha Corajosa",,Ester 2 a 8,08,esther_queen_scene_08.mp3,assets/audio/esther_queen/esther_queen_scene_08.mp3,O plano de Hamã foi descoberto. O rei entendeu a injustiça e agiu para proteger Ester e seu povo. O mal que havia sido planejado começou a perder força.,"Voz de justiça, sem vingança gráfica.",Tensão se desfazendo.
13,"Ester, a Rainha Corajosa",,Ester 2 a 8,09,esther_queen_scene_09.mp3,assets/audio/esther_queen/esther_queen_scene_09.mp3,"Uma nova ordem foi escrita para que o povo judeu pudesse se proteger. A tristeza virou esperança. Muitos se alegraram, porque a vida do povo havia sido preservada.",Voz alegre e aliviada.,Celebração moderada.
13,"Ester, a Rainha Corajosa",,Ester 2 a 8,10,esther_queen_scene_10.mp3,assets/audio/esther_queen/esther_queen_scene_10.mp3,"A história de Ester mostra coragem, sabedoria e cuidado pelo povo. Mesmo quando Deus não é mencionado diretamente no livro, vemos que a história não estava sem direção. Ester usou sua posição para fazer o bem.",Voz final e reflexiva.,Trilha nobre e esperançosa.
14,A Pesca Milagrosa,,Lucas 5:1 a 11,01,miraculous_catch_scene_01.mp3,assets/audio/miraculous_catch/miraculous_catch_scene_01.mp3,"Jesus estava perto do lago de Genesaré, e uma multidão queria ouvir a palavra de Deus. Havia barcos junto à margem, e alguns pescadores lavavam suas redes depois de uma noite difícil.",Voz tranquila de começo.,Água do lago e pessoas ao fundo.
14,A Pesca Milagrosa,,Lucas 5:1 a 11,02,miraculous_catch_scene_02.mp3,assets/audio/miraculous_catch/miraculous_catch_scene_02.mp3,"Jesus entrou no barco de Simão e pediu que ele o afastasse um pouco da terra. Sentado no barco, Jesus ensinou a multidão. Até um barco simples podia se tornar lugar de ensino e bênção.",Voz didática e serena.,Água suave batendo no barco.
14,A Pesca Milagrosa,,Lucas 5:1 a 11,03,miraculous_catch_scene_03.mp3,assets/audio/miraculous_catch/miraculous_catch_scene_03.mp3,"Quando terminou de ensinar, Jesus disse a Simão que levasse o barco para águas mais profundas e lançasse as redes. Simão explicou que haviam trabalhado a noite toda sem pegar nada.",Voz de expectativa.,Remo na água.
14,A Pesca Milagrosa,,Lucas 5:1 a 11,04,miraculous_catch_scene_04.mp3,assets/audio/miraculous_catch/miraculous_catch_scene_04.mp3,"Mesmo cansado, Simão respondeu que lançaria as redes porque Jesus havia falado. Ele obedeceu à palavra de Jesus, mesmo depois de uma noite sem resultado.",Voz de confiança simples.,Pausa e som de rede.
14,A Pesca Milagrosa,,Lucas 5:1 a 11,05,miraculous_catch_scene_05.mp3,assets/audio/miraculous_catch/miraculous_catch_scene_05.mp3,"Quando lançaram as redes, pegaram tantos peixes que as redes começaram a se encher muito. Era uma pesca abundante, maior do que eles esperavam. Jesus mostrou seu poder de forma surpreendente.",Voz maravilhada.,"Água viva e redes cheias, sem exagero."
14,A Pesca Milagrosa,,Lucas 5:1 a 11,06,miraculous_catch_scene_06.mp3,assets/audio/miraculous_catch/miraculous_catch_scene_06.mp3,Eles chamaram os companheiros do outro barco para ajudar. Os barcos ficaram cheios de peixes. Todos perceberam que algo extraordinário havia acontecido pela palavra de Jesus.,Voz alegre e admirada.,Movimento de pescadores trabalhando.
14,A Pesca Milagrosa,,Lucas 5:1 a 11,07,miraculous_catch_scene_07.mp3,assets/audio/miraculous_catch/miraculous_catch_scene_07.mp3,Simão Pedro ficou impressionado e reconheceu que estava diante de alguém santo. Ele se sentiu pequeno diante de Jesus. Mas Jesus não o afastou. Jesus o chamou para uma nova vida.,Voz reverente.,Trilha suave de encontro.
14,A Pesca Milagrosa,,Lucas 5:1 a 11,08,miraculous_catch_scene_08.mp3,assets/audio/miraculous_catch/miraculous_catch_scene_08.mp3,"Jesus disse a Simão que não tivesse medo. A partir daquele momento, ele seria chamado para alcançar pessoas. Jesus estava transformando pescadores comuns em discípulos.",Voz encorajadora.,Trilha de chamado.
14,A Pesca Milagrosa,,Lucas 5:1 a 11,09,miraculous_catch_scene_09.mp3,assets/audio/miraculous_catch/miraculous_catch_scene_09.mp3,"Quando chegaram à praia, Simão, Tiago e João deixaram tudo e seguiram Jesus. Eles haviam visto o poder do Mestre e ouviram seu chamado. A vida deles mudou naquele dia.",Voz de decisão.,Passos na areia.
14,A Pesca Milagrosa,,Lucas 5:1 a 11,10,miraculous_catch_scene_10.mp3,assets/audio/miraculous_catch/miraculous_catch_scene_10.mp3,A pesca milagrosa nos lembra que a palavra de Jesus merece confiança. Ele chama pessoas comuns para segui-lo e participar da sua missão. Obedecer a Jesus abre caminhos que não conseguimos imaginar.,Voz final e inspiradora.,Encerramento junto ao lago.
15,Samuel Ouve a Voz de Deus,,1 Samuel 3,01,samuel_hears_god_scene_01.mp3,assets/audio/samuel_hears_god/samuel_hears_god_scene_01.mp3,"Samuel ainda era menino e servia ao Senhor no tabernáculo, ajudando o sacerdote Eli. Ele estava aprendendo a viver perto das coisas de Deus. Era uma vida simples, cheia de serviço e atenção.",Voz doce e introdutória.,Ambiente calmo de noite.
15,Samuel Ouve a Voz de Deus,,1 Samuel 3,02,samuel_hears_god_scene_02.mp3,assets/audio/samuel_hears_god/samuel_hears_god_scene_02.mp3,"Certa noite, Samuel estava deitado. A lâmpada de Deus ainda não havia se apagado. Então ele ouviu alguém chamar: “Samuel!” Ele correu até Eli, pensando que o sacerdote o havia chamado.",Voz de surpresa leve.,Silêncio noturno e passos rápidos.
15,Samuel Ouve a Voz de Deus,,1 Samuel 3,03,samuel_hears_god_scene_03.mp3,assets/audio/samuel_hears_god/samuel_hears_god_scene_03.mp3,"Eli disse que não o havia chamado e mandou Samuel voltar a deitar. Samuel obedeceu. Ele ainda não reconhecia a voz do Senhor, pois estava aprendendo.",Voz calma.,Pausa suave.
15,Samuel Ouve a Voz de Deus,,1 Samuel 3,04,samuel_hears_god_scene_04.mp3,assets/audio/samuel_hears_god/samuel_hears_god_scene_04.mp3,"O Senhor chamou Samuel outra vez. Samuel se levantou e foi até Eli de novo. Eli repetiu que não o havia chamado. A noite seguia silenciosa, mas Deus estava chamando o menino.",Voz de mistério leve.,Som de noite.
15,Samuel Ouve a Voz de Deus,,1 Samuel 3,05,samuel_hears_god_scene_05.mp3,assets/audio/samuel_hears_god/samuel_hears_god_scene_05.mp3,"Quando o chamado aconteceu novamente, Eli entendeu que era o Senhor quem chamava Samuel. Então ensinou o menino a responder: “Fala, Senhor, porque o teu servo ouve.”",Voz reverente e didática.,Trilha suave de revelação.
15,Samuel Ouve a Voz de Deus,,1 Samuel 3,06,samuel_hears_god_scene_06.mp3,assets/audio/samuel_hears_god/samuel_hears_god_scene_06.mp3,"Samuel voltou para o seu lugar. Quando o Senhor o chamou, ele respondeu como Eli havia ensinado. Samuel se colocou diante de Deus com um coração disposto a ouvir.",Voz humilde e reverente.,Silêncio respeitoso.
15,Samuel Ouve a Voz de Deus,,1 Samuel 3,07,samuel_hears_god_scene_07.mp3,assets/audio/samuel_hears_god/samuel_hears_god_scene_07.mp3,Deus confiou a Samuel uma mensagem séria. Nem sempre ouvir a Deus significa receber uma tarefa fácil. Samuel precisava aprender a ser fiel à palavra do Senhor.,"Voz séria, sem peso excessivo.",Trilha contida.
15,Samuel Ouve a Voz de Deus,,1 Samuel 3,08,samuel_hears_god_scene_08.mp3,assets/audio/samuel_hears_god/samuel_hears_god_scene_08.mp3,"Pela manhã, Samuel teve receio de contar a mensagem a Eli. Mas Eli pediu que ele falasse tudo. Samuel contou com sinceridade aquilo que havia recebido.",Voz de coragem simples.,Amanhecer suave.
15,Samuel Ouve a Voz de Deus,,1 Samuel 3,09,samuel_hears_god_scene_09.mp3,assets/audio/samuel_hears_god/samuel_hears_god_scene_09.mp3,"Eli ouviu a mensagem e reconheceu que o Senhor havia falado. Samuel crescia, e Deus estava com ele. O povo começou a reconhecer que Samuel era alguém chamado pelo Senhor.",Voz de confirmação.,Trilha de crescimento.
15,Samuel Ouve a Voz de Deus,,1 Samuel 3,10,samuel_hears_god_scene_10.mp3,assets/audio/samuel_hears_god/samuel_hears_god_scene_10.mp3,"A história de Samuel nos ensina a ter um coração atento a Deus. Nem sempre ouvimos uma voz como Samuel ouviu, mas podemos aprender a escutar a palavra do Senhor e obedecer com humildade.",Voz final e instrutiva.,Encerramento calmo.
16,"Josias, o Rei Jovem",,2 Reis 22 a 23 e 2 Crônicas 34,01,josiah_young_king_scene_01.mp3,assets/audio/josiah_young_king/josiah_young_king_scene_01.mp3,"Josias se tornou rei quando ainda era muito jovem. Mesmo sendo criança, ele tinha uma grande responsabilidade. A Bíblia diz que Josias fez o que era reto aos olhos do Senhor.",Voz de admiração e simplicidade.,Palácio suave.
16,"Josias, o Rei Jovem",,2 Reis 22 a 23 e 2 Crônicas 34,02,josiah_young_king_scene_02.mp3,assets/audio/josiah_young_king/josiah_young_king_scene_02.mp3,"Com o passar dos anos, Josias quis buscar o Senhor. Ele não queria seguir caminhos errados. Mesmo jovem, decidiu levar Deus a sério.",Voz encorajadora.,Trilha de decisão.
16,"Josias, o Rei Jovem",,2 Reis 22 a 23 e 2 Crônicas 34,03,josiah_young_king_scene_03.mp3,assets/audio/josiah_young_king/josiah_young_king_scene_03.mp3,"Josias mandou consertar a casa do Senhor. O templo precisava de cuidado. Enquanto trabalhavam ali, encontraram o Livro da Lei.",Voz de descoberta.,Som de ferramentas leves e pergaminho.
16,"Josias, o Rei Jovem",,2 Reis 22 a 23 e 2 Crônicas 34,04,josiah_young_king_scene_04.mp3,assets/audio/josiah_young_king/josiah_young_king_scene_04.mp3,"Quando o livro foi lido para o rei, Josias ficou profundamente tocado. Ele percebeu que o povo havia se afastado da palavra de Deus. Seu coração ficou sensível diante do Senhor.",Voz reverente.,Pausa de reflexão.
16,"Josias, o Rei Jovem",,2 Reis 22 a 23 e 2 Crônicas 34,05,josiah_young_king_scene_05.mp3,assets/audio/josiah_young_king/josiah_young_king_scene_05.mp3,Josias quis saber o que o Senhor estava dizendo ao povo. Ele buscou orientação e levou a palavra de Deus a sério. Um bom líder não ignora a voz do Senhor.,Voz firme e respeitosa.,Trilha contida.
16,"Josias, o Rei Jovem",,2 Reis 22 a 23 e 2 Crônicas 34,06,josiah_young_king_scene_06.mp3,assets/audio/josiah_young_king/josiah_young_king_scene_06.mp3,"Depois, Josias reuniu o povo e leu as palavras do livro. Todos puderam ouvir a Lei do Senhor. A palavra de Deus voltou a ser colocada no centro da vida do povo.",Voz clara e pública.,Multidão discreta.
16,"Josias, o Rei Jovem",,2 Reis 22 a 23 e 2 Crônicas 34,07,josiah_young_king_scene_07.mp3,assets/audio/josiah_young_king/josiah_young_king_scene_07.mp3,"Josias fez uma aliança diante do Senhor, prometendo seguir seus mandamentos de todo o coração. Ele chamou o povo a voltar para Deus. Era um novo começo.",Voz solene e acessível.,Trilha de compromisso.
16,"Josias, o Rei Jovem",,2 Reis 22 a 23 e 2 Crônicas 34,08,josiah_young_king_scene_08.mp3,assets/audio/josiah_young_king/josiah_young_king_scene_08.mp3,Josias também removeu práticas que afastavam o povo de Deus. Ele queria limpar o caminho para que o Senhor fosse honrado. A obediência precisava aparecer em atitudes concretas.,"Voz séria, sem dureza.",Ambiente de mudança.
16,"Josias, o Rei Jovem",,2 Reis 22 a 23 e 2 Crônicas 34,09,josiah_young_king_scene_09.mp3,assets/audio/josiah_young_king/josiah_young_king_scene_09.mp3,"O rei celebrou a Páscoa com o povo, lembrando o livramento que Deus havia dado a Israel. A alegria voltou quando o povo se reuniu para adorar ao Senhor.",Voz alegre e reverente.,Celebração suave.
16,"Josias, o Rei Jovem",,2 Reis 22 a 23 e 2 Crônicas 34,10,josiah_young_king_scene_10.mp3,assets/audio/josiah_young_king/josiah_young_king_scene_10.mp3,"Josias nos lembra que ninguém é jovem demais para buscar a Deus. Quando ouvimos a palavra do Senhor e obedecemos, podemos ajudar outras pessoas a escolherem o caminho certo.",Voz final inspiradora.,Trilha de esperança juvenil.
17,Salomão e a Sabedoria,,1 Reis 3,01,solomon_wisdom_scene_01.mp3,assets/audio/solomon_wisdom/solomon_wisdom_scene_01.mp3,"Salomão era filho de Davi e se tornou rei de Israel. Ele sabia que governar o povo era uma responsabilidade muito grande. Por isso, precisava da ajuda de Deus.",Voz nobre e humilde.,Palácio suave.
17,Salomão e a Sabedoria,,1 Reis 3,02,solomon_wisdom_scene_02.mp3,assets/audio/solomon_wisdom/solomon_wisdom_scene_02.mp3,"Uma noite, Deus apareceu a Salomão em sonho e perguntou o que ele desejava receber. Salomão poderia pedir muitas coisas, mas seu coração buscou algo melhor.",Voz de sonho reverente.,Som de sonho leve.
17,Salomão e a Sabedoria,,1 Reis 3,03,solomon_wisdom_scene_03.mp3,assets/audio/solomon_wisdom/solomon_wisdom_scene_03.mp3,Salomão pediu sabedoria para governar bem e discernir entre o certo e o errado. Ele queria cuidar do povo com justiça. Esse pedido agradou ao Senhor.,Voz clara e reverente.,Trilha de sabedoria.
17,Salomão e a Sabedoria,,1 Reis 3,04,solomon_wisdom_scene_04.mp3,assets/audio/solomon_wisdom/solomon_wisdom_scene_04.mp3,Deus deu a Salomão um coração sábio e entendido. Também lhe deu bênçãos que ele não havia pedido. A sabedoria de Deus era o presente mais importante para sua missão.,Voz feliz e respeitosa.,"Brilho suave, sem efeito mágico."
17,Salomão e a Sabedoria,,1 Reis 3,05,solomon_wisdom_scene_05.mp3,assets/audio/solomon_wisdom/solomon_wisdom_scene_05.mp3,"Certo dia, duas mulheres foram até o rei com uma situação muito difícil. As duas diziam que um mesmo bebê era seu filho. Salomão precisava descobrir a verdade com justiça.",Voz de atenção e cuidado.,Ambiente de tribunal sereno.
17,Salomão e a Sabedoria,,1 Reis 3,06,solomon_wisdom_scene_06.mp3,assets/audio/solomon_wisdom/solomon_wisdom_scene_06.mp3,"Salomão ouviu as duas mulheres. Em vez de responder depressa, usou sabedoria para revelar o coração verdadeiro. Uma decisão sábia nem sempre é apressada.",Voz reflexiva.,Pausa de pensamento.
17,Salomão e a Sabedoria,,1 Reis 3,07,solomon_wisdom_scene_07.mp3,assets/audio/solomon_wisdom/solomon_wisdom_scene_07.mp3,"Quando a verdadeira mãe percebeu que a criança poderia sofrer, preferiu abrir mão dela para protegê-la. O amor verdadeiro ficou claro. Salomão reconheceu quem era a mãe do bebê.","Voz emocional, sem drama pesado.",Trilha de ternura.
17,Salomão e a Sabedoria,,1 Reis 3,08,solomon_wisdom_scene_08.mp3,assets/audio/solomon_wisdom/solomon_wisdom_scene_08.mp3,O rei entregou a criança à mãe verdadeira. O povo viu que a sabedoria de Deus estava com Salomão para fazer justiça. A decisão trouxe clareza e proteção.,Voz aliviada.,Ambiente de admiração.
17,Salomão e a Sabedoria,,1 Reis 3,09,solomon_wisdom_scene_09.mp3,assets/audio/solomon_wisdom/solomon_wisdom_scene_09.mp3,"A fama da sabedoria de Salomão se espalhou. As pessoas perceberam que ele não governava apenas com força, mas com discernimento. A sabedoria ajuda a cuidar bem dos outros.",Voz admirada.,Trilha nobre.
17,Salomão e a Sabedoria,,1 Reis 3,10,solomon_wisdom_scene_10.mp3,assets/audio/solomon_wisdom/solomon_wisdom_scene_10.mp3,"A história de Salomão nos ensina a pedir sabedoria a Deus. Quando precisamos escolher, podemos buscar o Senhor e pedir um coração que ame o que é justo e bom.",Voz final e prática.,Encerramento suave.
18,Maria Recebe a Boa Notícia,Maria Diz Sim,Lucas 1:26 a 38,01,mary_says_yes_scene_01.mp3,assets/audio/mary_says_yes/mary_says_yes_scene_01.mp3,"Maria era uma jovem de Nazaré. Um dia, o anjo Gabriel foi enviado por Deus até ela. Aquela visita trouxe uma notícia que mudaria a história.",Voz suave e reverente.,"Ambiente simples, brilho leve."
18,Maria Recebe a Boa Notícia,Maria Diz Sim,Lucas 1:26 a 38,02,mary_says_yes_scene_02.mp3,assets/audio/mary_says_yes/mary_says_yes_scene_02.mp3,O anjo saudou Maria e disse que o Senhor era com ela. Maria ficou surpresa e tentou entender o que aquela saudação significava. Deus estava se aproximando com uma mensagem especial.,Voz delicada e respeitosa.,Pausa de surpresa.
18,Maria Recebe a Boa Notícia,Maria Diz Sim,Lucas 1:26 a 38,03,mary_says_yes_scene_03.mp3,assets/audio/mary_says_yes/mary_says_yes_scene_03.mp3,"Gabriel disse a Maria que ela não precisava ter medo. Ela teria um filho, e deveria chamá-lo Jesus. Ele seria grande e seria chamado Filho do Altíssimo.",Voz clara e reverente.,Trilha leve de anúncio.
18,Maria Recebe a Boa Notícia,Maria Diz Sim,Lucas 1:26 a 38,04,mary_says_yes_scene_04.mp3,assets/audio/mary_says_yes/mary_says_yes_scene_04.mp3,Maria perguntou como aquilo aconteceria. Sua pergunta não foi rejeitada. O anjo explicou que o poder de Deus realizaria o que parecia impossível.,Voz serena e cuidadosa.,Ambiente de mistério reverente.
18,Maria Recebe a Boa Notícia,Maria Diz Sim,Lucas 1:26 a 38,05,mary_says_yes_scene_05.mp3,assets/audio/mary_says_yes/mary_says_yes_scene_05.mp3,"O anjo também contou que Isabel, parente de Maria, estava esperando um filho em sua velhice. Para Deus, nada é impossível. Maria ouviu tudo com atenção.",Voz esperançosa.,Brilho suave.
18,Maria Recebe a Boa Notícia,Maria Diz Sim,Lucas 1:26 a 38,06,mary_says_yes_scene_06.mp3,assets/audio/mary_says_yes/mary_says_yes_scene_06.mp3,Maria respondeu com humildade. Ela se chamou serva do Senhor e aceitou que a palavra de Deus se cumprisse em sua vida. Seu coração estava disponível para obedecer.,Voz reverente e calma.,Trilha de entrega.
18,Maria Recebe a Boa Notícia,Maria Diz Sim,Lucas 1:26 a 38,07,mary_says_yes_scene_07.mp3,assets/audio/mary_says_yes/mary_says_yes_scene_07.mp3,"Depois que o anjo se foi, Maria ficou com aquela palavra diante de Deus. Ela não sabia todos os detalhes do futuro, mas confiava no Senhor que havia falado.",Voz íntima e tranquila.,Silêncio suave.
18,Maria Recebe a Boa Notícia,Maria Diz Sim,Lucas 1:26 a 38,08,mary_says_yes_scene_08.mp3,assets/audio/mary_says_yes/mary_says_yes_scene_08.mp3,"A promessa anunciada a Maria fazia parte do plano de Deus para enviar Jesus ao mundo. O Salvador viria de forma humilde, em uma família simples, mostrando a graça de Deus.",Voz contemplativa.,Trilha de esperança.
18,Maria Recebe a Boa Notícia,Maria Diz Sim,Lucas 1:26 a 38,09,mary_says_yes_scene_09.mp3,assets/audio/mary_says_yes/mary_says_yes_scene_09.mp3,Maria nos ensina que obedecer a Deus exige fé e humildade. Ela ouviu a palavra do Senhor e se colocou em suas mãos. Deus usa pessoas simples para cumprir planos grandes.,Voz instrutiva e acolhedora.,Trilha suave.
18,Maria Recebe a Boa Notícia,Maria Diz Sim,Lucas 1:26 a 38,10,mary_says_yes_scene_10.mp3,assets/audio/mary_says_yes/mary_says_yes_scene_10.mp3,"A boa notícia dada a Maria aponta para Jesus. Ele é o presente de Deus para o mundo. Quando Deus chama, podemos responder com confiança, porque sua palavra é fiel.",Voz final e esperançosa.,Encerramento luminoso.
19,Timóteo e a Fé,,"2 Timóteo 1:5, 2 Timóteo 3:14 a 15 e 1 Timóteo 4:12",01,timothy_faith_scene_01.mp3,assets/audio/timothy_faith/timothy_faith_scene_01.mp3,"Timóteo aprendeu sobre Deus desde pequeno. Sua avó Loide e sua mãe Eunice tinham uma fé sincera e ensinaram as Escrituras a ele. A fé também pode ser cultivada dentro de casa, com amor e exemplo.",Voz familiar e doce.,Ambiente de casa tranquila.
19,Timóteo e a Fé,,"2 Timóteo 1:5, 2 Timóteo 3:14 a 15 e 1 Timóteo 4:12",02,timothy_faith_scene_02.mp3,assets/audio/timothy_faith/timothy_faith_scene_02.mp3,"Desde menino, Timóteo conhecia as Sagradas Escrituras. Ele cresceu ouvindo a palavra de Deus. Aquilo formou seu coração e preparou sua vida para servir ao Senhor.",Voz instrutiva.,Som de páginas suaves.
19,Timóteo e a Fé,,"2 Timóteo 1:5, 2 Timóteo 3:14 a 15 e 1 Timóteo 4:12",03,timothy_faith_scene_03.mp3,assets/audio/timothy_faith/timothy_faith_scene_03.mp3,"Mais tarde, Timóteo se tornou colaborador do apóstolo Paulo. Ele ajudava na obra do evangelho e servia as igrejas. Mesmo jovem, podia ser usado por Deus com responsabilidade.",Voz encorajadora.,Passos de viagem leve.
19,Timóteo e a Fé,,"2 Timóteo 1:5, 2 Timóteo 3:14 a 15 e 1 Timóteo 4:12",04,timothy_faith_scene_04.mp3,assets/audio/timothy_faith/timothy_faith_scene_04.mp3,"Paulo amava Timóteo como um filho na fé. Ele escreveu cartas para orientar, encorajar e fortalecer seu jovem amigo. Bons conselhos ajudam a fé a crescer.",Voz de amizade e cuidado.,Som de carta sendo escrita.
19,Timóteo e a Fé,,"2 Timóteo 1:5, 2 Timóteo 3:14 a 15 e 1 Timóteo 4:12",05,timothy_faith_scene_05.mp3,assets/audio/timothy_faith/timothy_faith_scene_05.mp3,"Paulo lembrou Timóteo de não se envergonhar do testemunho do Senhor. Seguir Jesus pode exigir coragem, mas Deus fortalece seus servos.",Voz firme e pastoral.,Trilha de coragem.
19,Timóteo e a Fé,,"2 Timóteo 1:5, 2 Timóteo 3:14 a 15 e 1 Timóteo 4:12",06,timothy_faith_scene_06.mp3,assets/audio/timothy_faith/timothy_faith_scene_06.mp3,"Paulo também disse que Deus não nos deu espírito de medo, mas de poder, amor e equilíbrio. Timóteo precisava lembrar que sua força vinha do Senhor.",Voz clara e encorajadora.,Trilha de confiança.
19,Timóteo e a Fé,,"2 Timóteo 1:5, 2 Timóteo 3:14 a 15 e 1 Timóteo 4:12",07,timothy_faith_scene_07.mp3,assets/audio/timothy_faith/timothy_faith_scene_07.mp3,Timóteo foi orientado a permanecer naquilo que havia aprendido. A verdade de Deus não deveria ser abandonada. O que aprendemos da Palavra precisa guiar nossas escolhas.,Voz didática.,Ambiente sereno.
19,Timóteo e a Fé,,"2 Timóteo 1:5, 2 Timóteo 3:14 a 15 e 1 Timóteo 4:12",08,timothy_faith_scene_08.mp3,assets/audio/timothy_faith/timothy_faith_scene_08.mp3,"Paulo disse a Timóteo que ninguém deveria desprezá-lo por ser jovem. Em vez disso, Timóteo deveria ser exemplo no falar, no comportamento, no amor, na fé e na pureza.",Voz forte e jovem.,Trilha de inspiração.
19,Timóteo e a Fé,,"2 Timóteo 1:5, 2 Timóteo 3:14 a 15 e 1 Timóteo 4:12",09,timothy_faith_scene_09.mp3,assets/audio/timothy_faith/timothy_faith_scene_09.mp3,"Timóteo nos lembra que crianças e jovens também podem crescer na fé. Ouvir a Palavra, aprender com pessoas fiéis e praticar o bem são passos importantes.",Voz próxima e acolhedora.,Ambiente de aprendizado.
19,Timóteo e a Fé,,"2 Timóteo 1:5, 2 Timóteo 3:14 a 15 e 1 Timóteo 4:12",10,timothy_faith_scene_10.mp3,assets/audio/timothy_faith/timothy_faith_scene_10.mp3,"A fé de Timóteo foi cuidada por sua família, fortalecida pela Palavra e encorajada por Paulo. Deus se alegra quando crescemos aprendendo a amar, obedecer e servir com sinceridade.",Voz final e esperançosa.,Trilha familiar e suave.
20,Jesus no Templo,,Lucas 2:41 a 52,01,jesus_temple_scene_01.mp3,assets/audio/jesus_temple/jesus_temple_scene_01.mp3,"Todos os anos, José e Maria iam a Jerusalém para a festa da Páscoa. Quando Jesus tinha doze anos, Ele foi com eles. Era um tempo de lembrar a fidelidade de Deus.",Voz de viagem familiar.,Passos e cidade ao fundo.
20,Jesus no Templo,,Lucas 2:41 a 52,02,jesus_temple_scene_02.mp3,assets/audio/jesus_temple/jesus_temple_scene_02.mp3,"Depois da festa, José e Maria começaram a voltar para casa com o grupo de viajantes. Eles pensaram que Jesus estava entre parentes e conhecidos. Mas Jesus havia ficado em Jerusalém.",Voz de leve preocupação.,Movimento de caravana.
20,Jesus no Templo,,Lucas 2:41 a 52,03,jesus_temple_scene_03.mp3,assets/audio/jesus_temple/jesus_temple_scene_03.mp3,"Quando perceberam que Jesus não estava no grupo, José e Maria ficaram aflitos. Procuraram entre parentes e amigos, mas não o encontraram. Então voltaram para Jerusalém para buscá-lo.","Voz preocupada, sem pânico.",Passos apressados.
20,Jesus no Templo,,Lucas 2:41 a 52,04,jesus_temple_scene_04.mp3,assets/audio/jesus_temple/jesus_temple_scene_04.mp3,"Depois de três dias, encontraram Jesus no templo. Ele estava sentado entre os mestres, ouvindo e fazendo perguntas. Todos se admiravam da sua compreensão e das suas respostas.",Voz de alívio e admiração.,"Ambiente do templo, suave."
20,Jesus no Templo,,Lucas 2:41 a 52,05,jesus_temple_scene_05.mp3,assets/audio/jesus_temple/jesus_temple_scene_05.mp3,Maria falou com Jesus sobre a aflição que ela e José sentiram ao procurá-lo. Jesus respondeu que precisava estar na casa de seu Pai. Suas palavras mostravam sua ligação especial com Deus.,Voz respeitosa e calma.,Pausa reverente.
20,Jesus no Templo,,Lucas 2:41 a 52,06,jesus_temple_scene_06.mp3,assets/audio/jesus_temple/jesus_temple_scene_06.mp3,"José e Maria não compreenderam completamente naquele momento. Mesmo assim, Jesus voltou com eles para Nazaré. Ele viveu em submissão a seus pais, crescendo em uma família.",Voz serena.,Trilha de retorno.
20,Jesus no Templo,,Lucas 2:41 a 52,07,jesus_temple_scene_07.mp3,assets/audio/jesus_temple/jesus_temple_scene_07.mp3,"Maria guardava essas coisas no coração. Ela via que havia algo muito especial sobre Jesus, mesmo quando nem tudo era fácil de entender.",Voz contemplativa.,Ambiente de memória.
20,Jesus no Templo,,Lucas 2:41 a 52,08,jesus_temple_scene_08.mp3,assets/audio/jesus_temple/jesus_temple_scene_08.mp3,"Jesus crescia em sabedoria. Ele aprendia, ouvia e vivia de modo agradável a Deus. A infância de Jesus também mostra humildade e obediência.",Voz suave e inspiradora.,Trilha de crescimento.
20,Jesus no Templo,,Lucas 2:41 a 52,09,jesus_temple_scene_09.mp3,assets/audio/jesus_temple/jesus_temple_scene_09.mp3,Jesus também crescia em estatura e em graça diante de Deus e das pessoas. Ele não era apenas admirado por suas respostas. Sua vida inteira apontava para a vontade do Pai.,Voz reverente.,Trilha esperançosa.
20,Jesus no Templo,,Lucas 2:41 a 52,10,jesus_temple_scene_10.mp3,assets/audio/jesus_temple/jesus_temple_scene_10.mp3,"A história de Jesus no templo nos ensina a valorizar as coisas de Deus, ouvir com atenção e crescer em sabedoria. Jesus mostra que aprender, perguntar e obedecer também fazem parte de uma vida que agrada ao Senhor.",Voz final e educativa.,Encerramento sereno.
