"trilha","storyId","tituloHistoria","sceneNumber","textoNarracao","tomSugerido","audioFileName"
"Comece Aqui","creation","A Criação","1","No começo de tudo, antes de existir o sol, a lua e as estrelas, antes de existir qualquer flor, animal ou pessoa... não havia nada. Só escuridão e silêncio. Mas Deus estava lá! Deus existia antes de tudo. E dentro do coração de Deus havia um plano lindo: criar um mundo cheio de cores, vida e amor. A história mais bonita de todas estava prestes a começar!","Voz suave, encantada e bem pausada. Ritmo lento. Sorria enquanto fala — as crianças percebem. Faça uma pausa de 1–2 s entre frases longas.","audio_creation_scene_01.mp3"
"Comece Aqui","creation","A Criação","2","Deus falou pela primeira vez ao mundo vazio. Com uma voz cheia de poder e amor, Ele disse: ""HAJA LUZ!"" E aconteceu uma coisa maravilhosa — a luz apareceu! O escuro foi embora. O primeiro dia havia chegado. Deus olhou para a luz e viu que ela era boa! Desde aquele momento, Deus separou a luz das trevas e cada novo dia se tornou um presente de amor.","Voz suave, encantada e bem pausada. Ritmo lento. Sorria enquanto fala — as crianças percebem. Faça uma pausa de 1–2 s entre frases longas.","audio_creation_scene_02.mp3"
"Comece Aqui","creation","A Criação","3","No segundo dia, Deus olhou para as águas que cobriam tudo. Ele criou um espaço especial e o chamou de céu! Com Sua palavra, Ele separou as águas de baixo das águas de cima. O céu azul imenso apareceu pela primeira vez — esticando-se de um lado ao outro, enorme e lindo. Deus estava fazendo um lar perfeito para tudo o que criaria depois.","Voz suave, encantada e bem pausada. Ritmo lento. Sorria enquanto fala — as crianças percebem. Faça uma pausa de 1–2 s entre frases longas.","audio_creation_scene_03.mp3"
"Comece Aqui","creation","A Criação","4","No terceiro dia, Deus disse: ""Que as águas se juntem num só lugar e que apareça a terra seca!"" E assim foi! Mas não era só terra seca e vazia — Deus tinha mais planos! Ele mandou as plantas crescerem. E de repente, PRRRRR! Brotaram flores coloridas, árvores altas, gramados verdes e frutos saborosos por toda parte. A terra ficou linda e cheia de vida!","Voz suave, encantada e bem pausada. Ritmo lento. Sorria enquanto fala — as crianças percebem. Faça uma pausa de 1–2 s entre frases longas.","audio_creation_scene_04.mp3"
"Comece Aqui","creation","A Criação","5","No quarto dia, Deus criou duas luzes grandes: o sol para governar o dia — enorme, brilhante e quentinho! E a lua para governar a noite — prateada e misteriosa. E ainda pintou o céu noturno com milhões de estrelas brilhantes! Deus criou esses astros para marcar os dias, as estações e os anos. Cada amanhecer e cada pôr do sol são presentes de Deus para você!","Voz suave, encantada e bem pausada. Ritmo lento. Sorria enquanto fala — as crianças percebem. Faça uma pausa de 1–2 s entre frases longas.","audio_creation_scene_05.mp3"
"Comece Aqui","creation","A Criação","6","No quinto dia, Deus encheu o mar e o céu de vida! Ele criou todos os peixinhos do mar — grandes e pequenos, de todas as cores: vermelhos, amarelos, listrados, manchados, brilhantes! Depois criou os pássaros com asas de todas as formas e plumas de todas as cores. Deus os abençoou e disse: ""Crescei e multiplicai-vos!"" O mar ficou cheio de vida e o céu cheio de cantos alegres!","Voz suave, encantada e bem pausada. Ritmo lento. Sorria enquanto fala — as crianças percebem. Faça uma pausa de 1–2 s entre frases longas.","audio_creation_scene_06.mp3"
"Comece Aqui","creation","A Criação","7","No sexto dia, Deus criou os animais da terra — e que animais incríveis! Elefantes com tromba longa, girafas com pescoço altíssimo, leõezinhos rugindo, borboletas coloridas, coelhinhos pulando, cavalos galopando e tantos outros! Cada animal era diferente e perfeito do seu jeito. Deus olhou para aquela criação linda e viu que era muito boa. Mas ainda tinha uma coisa especial por vir...","Voz suave, encantada e bem pausada. Ritmo lento. Sorria enquanto fala — as crianças percebem. Faça uma pausa de 1–2 s entre frases longas.","audio_creation_scene_07.mp3"
"Comece Aqui","creation","A Criação","8","No mesmo sexto dia, Deus fez algo muito especial. Ele disse: ""Vamos fazer o ser humano à Nossa imagem e semelhança!"" Com muito carinho, Deus criou o homem e a mulher. Eles eram diferentes de todos os outros seres — tinham algo único: eram feitos para se parecer com Deus, para amar, para cuidar da criação e para caminhar com Ele. Você também foi feito à imagem de Deus — você é muito especial!","Voz suave, encantada e bem pausada. Ritmo lento. Sorria enquanto fala — as crianças percebem. Faça uma pausa de 1–2 s entre frases longas.","audio_creation_scene_08.mp3"
"Comece Aqui","creation","A Criação","9","Depois de criar tudo — a luz, o céu, a terra, as plantas, o sol, a lua, os animais e as pessoas — Deus parou e olhou para tudo que havia feito. E o que Ele viu? Era MUITO BOM! Não apenas bom... muito bom! Cada flor no lugar certo. Cada estrela no lugar certo. Cada animal perfeito. Cada pessoa amada. Quando você olha para um pôr do sol ou para uma flor bonita, você está vendo a arte de Deus!","Voz suave, encantada e bem pausada. Ritmo lento. Sorria enquanto fala — as crianças percebem. Faça uma pausa de 1–2 s entre frases longas.","audio_creation_scene_09.mp3"
"Comece Aqui","creation","A Criação","10","No sétimo dia, Deus descansou de toda a Sua obra. Ele olhou para tudo que havia criado e estava satisfeito. Deus abençoou o sétimo dia e o tornou sagrado — um dia especial de descanso e alegria. Deus nos ensina que descansar é bom! A criação estava completa e era perfeita. Você é parte dessa criação maravilhosa — feito com amor pelo melhor Criador de todos!","Voz suave, encantada e bem pausada. Ritmo lento. Sorria enquanto fala — as crianças percebem. Faça uma pausa de 1–2 s entre frases longas.","audio_creation_scene_10.mp3"
"Comece Aqui","noah","Noé e o Arco-Íris","1","Há muito, muito tempo, Deus olhou para o mundo e ficou triste porque as pessoas estavam fazendo coisas erradas. Mas havia um homem muito especial chamado Noé. A Bíblia conta que Noé era um homem justo e íntegro — isso quer dizer que ele fazia o que é certo e andava junto com Deus todos os dias. Enquanto todos ao redor escolhiam caminhos errados, Noé escolhia o caminho de Deus.","Voz suave, encantada e bem pausada. Ritmo lento. Sorria enquanto fala — as crianças percebem. Faça uma pausa de 1–2 s entre frases longas.","audio_noah_scene_01.mp3"
"Comece Aqui","noah","Noé e o Arco-Íris","2","Um dia, Deus falou com Noé. Ele disse: ""Noé, vou mandar uma grande chuva sobre a terra. Preciso que você construa uma arca — um barco enorme — para proteger sua família e dois de cada animal."" Noé podia ter ficado com medo ou inventado desculpas. Mas não! Ele ouviu Deus com o coração aberto e respondeu: ""Sim, Senhor!"" Deus nos avisa quando precisa de nós — e podemos confiar nele!","Voz suave, encantada e bem pausada. Ritmo lento. Sorria enquanto fala — as crianças percebem. Faça uma pausa de 1–2 s entre frases longas.","audio_noah_scene_02.mp3"
"Comece Aqui","noah","Noé e o Arco-Íris","3","Noé não perdeu tempo! Ele fez exatamente tudo o que Deus mandou. Com seus filhos Sem, Cam e Jafé, ele começou a trabalhar: TIC, TAC, TIC! Serravam madeira, martelavam pregos e montavam as grandes tábuas. A arca foi crescendo, crescendo, crescendo — maior que uma casa, maior que uma escola! Era enorme. A Bíblia diz que Noé fez tudo como Deus ordenou. Que exemplo de obediência!","Voz suave, encantada e bem pausada. Ritmo lento. Sorria enquanto fala — as crianças percebem. Faça uma pausa de 1–2 s entre frases longas.","audio_noah_scene_03.mp3"
"Comece Aqui","noah","Noé e o Arco-Íris","4","Quando a arca ficou pronta, Deus disse: ""Agora, chame os animais! Dois de cada tipo."" Então aconteceu uma coisa incrível! Os animais foram chegando — dois a dois — por conta própria: os elefantes enormes, os coelhinhos fofos, as zebras listradas, os leõezinhos com juba... Cada bichinho encontrou seu lugarzinho na arca. Deus cuidou de cada detalhe. A Bíblia diz que os animais entraram como Deus havia ordenado.","Voz suave, encantada e bem pausada. Ritmo lento. Sorria enquanto fala — as crianças percebem. Faça uma pausa de 1–2 s entre frases longas.","audio_noah_scene_04.mp3"
"Comece Aqui","noah","Noé e o Arco-Íris","5","Plic… plic… PLAC PLAC PLAC! A grande chuva começou! Deus mesmo fechou a porta da arca para proteger Noé e sua família. As águas foram subindo, subindo, subindo… cobrindo tudo. Mas dentro da arca estava tudo bem! A família de Noé estava unida e segura. A chuva durou quarenta dias e quarenta noites. Deus cumpriu o que tinha dito — e também cumpriu sua proteção!","Voz suave, encantada e bem pausada. Ritmo lento. Sorria enquanto fala — as crianças percebem. Faça uma pausa de 1–2 s entre frases longas.","audio_noah_scene_05.mp3"
"Comece Aqui","noah","Noé e o Arco-Íris","6","A arca flutuava mansamente sobre as águas. Deus não esqueceu de Noé! A Bíblia diz que Deus se lembrou de Noé e de todos os animais que estavam na arca. Ele mandou um vento sobre a terra e as águas começaram a baixar. Pouquinho a pouco, a água foi diminuindo. A arca pousou sobre o Monte Ararate. Deus estava no controle de tudo — até da água!","Voz suave, encantada e bem pausada. Ritmo lento. Sorria enquanto fala — as crianças percebem. Faça uma pausa de 1–2 s entre frases longas.","audio_noah_scene_06.mp3"
"Comece Aqui","noah","Noé e o Arco-Íris","7","Quando as águas baixaram mais um pouco, Noé abriu a janelinha da arca e soltou uma pombinha branca. ""Vai lá, pombinha! Veja se já tem terra seca."" Mas a pombinha voltou. As águas ainda cobriam tudo. Sete dias depois, Noé a soltou de novo. Desta vez, ela demorou um pouco mais para voltar...","Voz suave, encantada e bem pausada. Ritmo lento. Sorria enquanto fala — as crianças percebem. Faça uma pausa de 1–2 s entre frases longas.","audio_noah_scene_07.mp3"
"Comece Aqui","noah","Noé e o Arco-Íris","8","A pombinha voltou para Noé — e trouxe um raminho de oliveira no bico! Um ramo verde e fresquinho! Noé soube: a terra estava ficando seca. As plantas estavam brotando de novo. A vida estava voltando! Noé ficou com o coração cheio de alegria. Deus estava cumprindo sua palavra, passo a passo, com cuidado.","Voz suave, encantada e bem pausada. Ritmo lento. Sorria enquanto fala — as crianças percebem. Faça uma pausa de 1–2 s entre frases longas.","audio_noah_scene_08.mp3"
"Comece Aqui","noah","Noé e o Arco-Íris","9","Deus disse: ""Noé, você pode sair!"" E que saída feliz! Os animais saíram pulando, correndo e voando. A família de Noé pisou na terra firme com alegria. Noé construiu um altar e agradeceu a Deus com todo o coração. Ele não saiu correndo para festejar sozinho — primeiro ele parou para adorar e agradecer a Deus por todo cuidado. Que exemplo lindo!","Voz suave, encantada e bem pausada. Ritmo lento. Sorria enquanto fala — as crianças percebem. Faça uma pausa de 1–2 s entre frases longas.","audio_noah_scene_09.mp3"
"Comece Aqui","noah","Noé e o Arco-Íris","10","Então Deus fez algo que ninguém jamais tinha visto! No céu apareceram lindas cores: VERMELHO, LARANJA, AMARELO, VERDE, AZUL, ROXO! Um arco-íris enorme e colorido cruzou todo o céu. Deus disse: ""Este arco-íris é a minha promessa para você e para toda a criação. Nunca mais vou destruir a terra com um dilúvio."" Agora, toda vez que você ver um arco-íris, lembre: é o sinal do amor e da promessa de Deus!","Voz suave, encantada e bem pausada. Ritmo lento. Sorria enquanto fala — as crianças percebem. Faça uma pausa de 1–2 s entre frases longas.","audio_noah_scene_10.mp3"
"Pequeninos","david_goliath","Davi e Golias","1","Davi era o filho mais novo de Jessé, de Belém. Enquanto seus irmãos mais velhos estavam no exército, Davi ficava nos campos cuidando das ovelhas do pai. Era um trabalho simples, mas Davi o fazia com amor. Nos campos, ele tocava harpa e cantava músicas de louvor a Deus. Davi era pequenininho, mas tinha um coração enorme cheio de fé. E Deus olhava para ele com muito carinho.","Voz gentil e levemente expressiva. Dramatize os momentos de surpresa com entonação, mas sem assustar. Pause antes de revelar o desfecho.","audio_david_goliath_scene_01.mp3"
"Pequeninos","david_goliath","Davi e Golias","2","No vale de Elá, o povo de Israel estava acampado de um lado. Do outro lado estavam os filisteus, seus inimigos. De repente, do campo inimigo saiu um gigante chamado Golias! Ele media mais de dois metros e meio de altura e usava uma armadura pesada. Com voz que parecia trovão, ele gritava: ""Escolham um homem para lutar comigo! Se ele vencer, seremos servos de vocês. Se eu vencer, vocês serão nossos servos!"" Golias ficou fazendo isso por quarenta dias.","Voz gentil e levemente expressiva. Dramatize os momentos de surpresa com entonação, mas sem assustar. Pause antes de revelar o desfecho.","audio_david_goliath_scene_02.mp3"
"Pequeninos","david_goliath","Davi e Golias","3","Toda manhã e toda tarde, Golias saía gritando seu desafio. E o que acontecia? O rei Saul e todo o exército de Israel ficavam com muito medo! Os soldados se escondiam nas tendas. Ninguém queria enfrentar aquele gigante. O medo era tão grande que parecia paralisar todo mundo. Quarenta dias passaram e nenhum soldado teve coragem de aceitar o desafio.","Voz gentil e levemente expressiva. Dramatize os momentos de surpresa com entonação, mas sem assustar. Pause antes de revelar o desfecho.","audio_david_goliath_scene_03.mp3"
"Pequeninos","david_goliath","Davi e Golias","4","O pai de Davi o mandou levar comida para seus irmãos que estavam no exército. Quando Davi chegou ao acampamento e ouviu Golias gritando, ele ficou espantado — mas não de medo! Ele perguntou aos soldados: ""O que será que acontece com quem vencer esse filisteu? Quem é ele para desafiar o exército do Deus vivo?"" Davi via a situação com olhos de fé!","Voz gentil e levemente expressiva. Dramatize os momentos de surpresa com entonação, mas sem assustar. Pause antes de revelar o desfecho.","audio_david_goliath_scene_04.mp3"
"Pequeninos","david_goliath","Davi e Golias","5","Davi foi falar com o rei Saul. Saul disse: ""Você não pode lutar com Golias! Você ainda é jovem e ele é um guerreiro experiente!"" Mas Davi não desanimou. Ele respondeu com firmeza: ""Seu servo pastoreava as ovelhas do seu pai. Quando um leão ou um urso vinha roubar uma ovelhinha, eu ia atrás, o atacava e a livrava. O Senhor me livrou do leão e do urso. Ele também vai me livrar desse filisteu!""","Voz gentil e levemente expressiva. Dramatize os momentos de surpresa com entonação, mas sem assustar. Pause antes de revelar o desfecho.","audio_david_goliath_scene_05.mp3"
"Pequeninos","david_goliath","Davi e Golias","6","Davi olhou nos olhos do rei Saul e disse com toda a certeza: ""O Senhor, que me livrou das garras do leão e do urso, também me livrará das mãos desse filisteu!"" Davi não estava confiando em sua própria força. Ele estava confiando no Deus que já tinha cuidado dele antes. Quem se lembra do cuidado de Deus no passado tem coragem para o presente! Saul disse: ""Então vá, e que o Senhor seja contigo.""","Voz gentil e levemente expressiva. Dramatize os momentos de surpresa com entonação, mas sem assustar. Pause antes de revelar o desfecho.","audio_david_goliath_scene_06.mp3"
"Pequeninos","david_goliath","Davi e Golias","7","Davi foi até o riacho e escolheu com cuidado cinco pedrinhas lisas e redondas. Cinco! Por que cinco? Talvez por precaução, talvez por fé. Com seu estilingue na mão — a mesma ferramenta que usava para proteger as ovelhas — Davi se preparou. Não tinha escudo, nem espada, nem armadura. Mas tinha algo muito mais poderoso: a fé em Deus que age através de coisas simples!","Voz gentil e levemente expressiva. Dramatize os momentos de surpresa com entonação, mas sem assustar. Pause antes de revelar o desfecho.","audio_david_goliath_scene_07.mp3"
"Pequeninos","david_goliath","Davi e Golias","8","Golias viu Davi se aproximando e ficou com raiva: ""Você vem até mim com um cajado? Venha cá, que vou dar seu corpo para os pássaros!"" Mas Davi respondeu sem medo: ""Você vem até mim com espada, lança e dardo. Mas eu venho até você em nome do Senhor dos Exércitos, o Deus de Israel, a quem você desafiou!"" E então Davi correu em direção ao gigante, colocou a pedrinha no estilingue e girou bem forte!","Voz gentil e levemente expressiva. Dramatize os momentos de surpresa com entonação, mas sem assustar. Pause antes de revelar o desfecho.","audio_david_goliath_scene_08.mp3"
"Pequeninos","david_goliath","Davi e Golias","9","A pedrinha voou, voou, voou... e acertou bem na testa de Golias! O gigante cambaleou... e caiu com um estrondo enorme no chão. PUMBA! Com uma pedra pequenininha e muita fé em Deus, o impossível aconteceu. Davi nem precisou de espada. Deus cumpriu o que Davi havia dito: a batalha era do Senhor! Todo o povo ficou de boca aberta. O gigante tinha caído!","Voz gentil e levemente expressiva. Dramatize os momentos de surpresa com entonação, mas sem assustar. Pause antes de revelar o desfecho.","audio_david_goliath_scene_09.mp3"
"Pequeninos","david_goliath","Davi e Golias","10","O povo de Israel soltou um grande grito de alegria! Os filisteus fugiram. A vitória tinha chegado! Davi não tinha lutado sozinho — Deus estava com ele o tempo todo. Davi olhou para o céu com o coração cheio de gratidão. Ele sabia: não foi a pedrinha, não foi o estilingue, não foi a força do seu braço que venceu. Foi a fé em Deus que fez toda a diferença. Com Deus do nosso lado, nenhum gigante é grande demais!","Voz gentil e levemente expressiva. Dramatize os momentos de surpresa com entonação, mas sem assustar. Pause antes de revelar o desfecho.","audio_david_goliath_scene_10.mp3"
"Pequeninos","jesus_children","Jesus e as Crianças","1","Naquele dia especial, muitas mamães e papais saíram de casa com seus filhinhos pequeninos nos braços. Eles tinham ouvido falar de Jesus — um mestre cheio de amor que fazia coisas maravilhosas. Com o coração cheio de esperança, as famílias caminhavam em direção a Jesus. Elas queriam que Jesus colocasse as mãos sobre as crianças e as abençoasse. Era um desejo lindo e cheio de fé!","Voz gentil e levemente expressiva. Dramatize os momentos de surpresa com entonação, mas sem assustar. Pause antes de revelar o desfecho.","audio_jesus_children_scene_01.mp3"
"Pequeninos","jesus_children","Jesus e as Crianças","2","Quando os discípulos — os ajudantes de Jesus — viram as famílias chegando com as crianças, eles foram logo impedindo: ""Não incomodem o Mestre! Ele está muito ocupado. As crianças não podem passar!"" As criançinhas pararam. As mamães seguraram seus filhos com carinha de tristeza. Aquilo não parecia certo. Mas Jesus estava prestando atenção em tudo...","Voz gentil e levemente expressiva. Dramatize os momentos de surpresa com entonação, mas sem assustar. Pause antes de revelar o desfecho.","audio_jesus_children_scene_02.mp3"
"Pequeninos","jesus_children","Jesus e as Crianças","3","Jesus estava conversando quando percebeu o que estava acontecendo. Ele viu as crianças sendo impedidas de chegar perto d'Ele. Isso deixou Jesus muito incomodado — a Bíblia diz que Ele ficou indignado. Jesus não concordava com aquilo! Para Ele, as crianças eram muito importantes. Cada criança tinha um valor enorme aos olhos de Jesus. Nenhuma criança devia ser impedida de vir até Ele!","Voz gentil e levemente expressiva. Dramatize os momentos de surpresa com entonação, mas sem assustar. Pause antes de revelar o desfecho.","audio_jesus_children_scene_03.mp3"
"Pequeninos","jesus_children","Jesus e as Crianças","4","Jesus repreendeu os discípulos e disse com voz firme e cheia de amor: ""Deixem as crianças virem até mim! Não as impeçam!"" Que palavras lindas! Jesus estava dizendo que as crianças eram bem-vindas. Que elas importavam. Que Ele queria que elas chegassem perto. As crianças ouviram a voz gentil de Jesus chamando — e sentiram que eram amadas de verdade!","Voz gentil e levemente expressiva. Dramatize os momentos de surpresa com entonação, mas sem assustar. Pause antes de revelar o desfecho.","audio_jesus_children_scene_04.mp3"
"Pequeninos","jesus_children","Jesus e as Crianças","5","Jesus aproveitou aquele momento para ensinar algo muito importante a todos: ""Em verdade vos digo que quem não receber o Reino de Deus como uma criança, não entrará nele!"" Jesus estava dizendo que a confiança simples, pura e alegre das crianças é exatamente o que Deus ama ver no coração de cada pessoa. A fé de uma criança é um modelo para todos!","Voz gentil e levemente expressiva. Dramatize os momentos de surpresa com entonação, mas sem assustar. Pause antes de revelar o desfecho.","audio_jesus_children_scene_05.mp3"
"Pequeninos","jesus_children","Jesus e as Crianças","6","Quando as crianças ouviram Jesus dizer ""Vinde a mim!"", elas saíram correndo! Com carinhas alegres, bracinhos abertos e passinhos rápidos, cada criança correu em direção a Jesus. Nenhuma criança ficou com medo. Elas sabiam que Ele as chamava com amor! E correram, correram, correram... direto para os braços de Jesus!","Voz gentil e levemente expressiva. Dramatize os momentos de surpresa com entonação, mas sem assustar. Pause antes de revelar o desfecho.","audio_jesus_children_scene_06.mp3"
"Pequeninos","jesus_children","Jesus e as Crianças","7","Jesus se abaixou, abriu os braços bem abertos e abraçou cada criança. Um abraço de verdade, quentinho e cheio de amor. Uma menininha encostou a cabecinha no ombro d'Ele. Um menininho segurou a mão de Jesus. Outro ficou no colo. Jesus tinha tempo para cada uma. Jesus tinha amor para cada uma. Nenhuma criança ficou sem o abraço de Jesus!","Voz gentil e levemente expressiva. Dramatize os momentos de surpresa com entonação, mas sem assustar. Pause antes de revelar o desfecho.","audio_jesus_children_scene_07.mp3"
"Pequeninos","jesus_children","Jesus e as Crianças","8","Jesus colocou as mãos com muito carinho na cabeça de cada criança — uma por uma — e as abençoou. Isso significa que Jesus pediu a Deus coisas muito boas para cada criança: proteção, saúde, alegria, amor e um futuro cheio de esperança. A bênção de Jesus é um presente precioso. E Jesus deu esse presente para cada criança ali!","Voz gentil e levemente expressiva. Dramatize os momentos de surpresa com entonação, mas sem assustar. Pause antes de revelar o desfecho.","audio_jesus_children_scene_08.mp3"
"Pequeninos","jesus_children","Jesus e as Crianças","9","Os discípulos ficaram pensando no que tinham visto. Eles tinham errado ao tentar impedir as crianças. Jesus os ensinou com ternura: as crianças não são menos importantes — pelo contrário, são um exemplo de fé! Aquele dia mudou o coração dos discípulos. Eles aprenderam que Jesus tem tempo, amor e cuidado para cada pessoa, não importa a idade.","Voz gentil e levemente expressiva. Dramatize os momentos de surpresa com entonação, mas sem assustar. Pause antes de revelar o desfecho.","audio_jesus_children_scene_09.mp3"
"Pequeninos","jesus_children","Jesus e as Crianças","10","As crianças foram para casa com o coração cheio de alegria e amor. Elas nunca iam esquecer aquele dia — o dia em que Jesus as chamou, as abraçou e as abençoou. E sabe de uma coisa? Jesus te ama do mesmo jeito! Hoje, quando você ora, Jesus ouve. Quando você precisa de um abraço, Ele está perto. O amor de Jesus por você nunca vai acabar. Nunca mesmo!","Voz gentil e levemente expressiva. Dramatize os momentos de surpresa com entonação, mas sem assustar. Pause antes de revelar o desfecho.","audio_jesus_children_scene_10.mp3"
"Pequeninos","daniel_lions","Daniel e os Leões","1","Daniel era um jovem judeu que foi levado como prisioneiro para a grande cidade de Babilônia, muito longe de sua casa. Tudo era diferente — os costumes, a comida, a língua. Mas Daniel não deixou aquilo mudar o seu coração. Ele continuou seguindo a Deus em tudo, mesmo numa terra estranha. Daniel era sábio, honesto e fiel, e o rei logo percebeu que ele era alguém muito especial!","Voz gentil e levemente expressiva. Dramatize os momentos de surpresa com entonação, mas sem assustar. Pause antes de revelar o desfecho.","audio_daniel_lions_scene_01.mp3"
"Pequeninos","daniel_lions","Daniel e os Leões","2","Todos os dias, três vezes ao dia — de manhã, ao meio-dia e à tarde — Daniel abria a janela do seu quarto voltada para Jerusalém e orava a Deus. Era um hábito sagrado cheio de amor. Não importava o que estava acontecendo ao redor. Não importava quão ocupado ele estava. Daniel sempre fazia seu momento especial com Deus. Aquela janela aberta era o símbolo da sua fé viva!","Voz gentil e levemente expressiva. Dramatize os momentos de surpresa com entonação, mas sem assustar. Pause antes de revelar o desfecho.","audio_daniel_lions_scene_02.mp3"
"Pequeninos","daniel_lions","Daniel e os Leões","3","Alguns funcionários do rei tinham inveja de Daniel. Ele era tão honesto e tão fiel que nunca cometia nenhum erro — não havia nada que pudessem usar contra ele. Então pensaram: ""Vamos usar a fé de Daniel como armadilha!"" Eles criaram um plano malvado para eliminar Daniel usando justamente o que o tornava especial: o costume de orar a Deus todos os dias.","Voz gentil e levemente expressiva. Dramatize os momentos de surpresa com entonação, mas sem assustar. Pause antes de revelar o desfecho.","audio_daniel_lions_scene_03.mp3"
"Pequeninos","daniel_lions","Daniel e os Leões","4","Os inimigos de Daniel foram ao rei Dario com uma proposta enganosa: ""Rei, mande que por trinta dias ninguém ore a nenhum deus ou pessoa — só a você. Quem desobedecer será jogado na cova dos leões!"" O rei Dario, sem perceber a armadilha, assinou a lei. Era uma lei que não podia ser mudada. Os inimigos de Daniel sorriam... mas não sabiam que Deus é maior que qualquer lei!","Voz gentil e levemente expressiva. Dramatize os momentos de surpresa com entonação, mas sem assustar. Pause antes de revelar o desfecho.","audio_daniel_lions_scene_04.mp3"
"Pequeninos","daniel_lions","Daniel e os Leões","5","Daniel soube da nova lei. Sabia que poderia morrer. Mas o que ele fez? A mesma coisa que sempre fazia! Foi para o seu quarto, abriu a janela voltada para Jerusalém e orou a Deus com gratidão — como fazia três vezes ao dia. Daniel não escondeu a sua fé por medo. Quando você ama de verdade a Deus, o medo não consegue fechar sua janela!","Voz gentil e levemente expressiva. Dramatize os momentos de surpresa com entonação, mas sem assustar. Pause antes de revelar o desfecho.","audio_daniel_lions_scene_05.mp3"
"Pequeninos","daniel_lions","Daniel e os Leões","6","Os inimigos de Daniel estavam escondidos, espiando. Assim que o viram orar, correram para o rei: ""Daniel, aquele judeu, está desobedecendo a sua lei! Ele ora ao seu Deus três vezes ao dia!"" O rei Dario ficou muito angustiado — ele gostava de Daniel e tentou por muitas horas encontrar uma maneira de salvá-lo. Mas a lei era irrevogável. Com o coração pesado, o rei não teve escolha.","Voz gentil e levemente expressiva. Dramatize os momentos de surpresa com entonação, mas sem assustar. Pause antes de revelar o desfecho.","audio_daniel_lions_scene_06.mp3"
"Pequeninos","daniel_lions","Daniel e os Leões","7","O rei Dario disse com tristeza: ""Que o teu Deus, a quem sempre serves, te livre!"" E Daniel foi lançado na cova dos leões! Uma pedra grande foi rolada para tampar a cova. Os leões rugiam lá dentro. O rei voltou ao palácio com o coração partido — ele não conseguiu dormir aquela noite. Mas Daniel estava nas mãos de Deus, que é muito mais forte que qualquer leão!","Voz gentil e levemente expressiva. Dramatize os momentos de surpresa com entonação, mas sem assustar. Pause antes de revelar o desfecho.","audio_daniel_lions_scene_07.mp3"
"Pequeninos","daniel_lions","Daniel e os Leões","8","Dentro da cova escura, Daniel não estava sozinho. Deus enviou um anjo especial para cuidar de Daniel. O anjo fechou as bocas dos leões! Os animais ferozes ficaram quietos, como se fossem gatinhos mansos. Daniel passou a noite inteira entre os leões sem ser tocado. A fé de Daniel havia chamado a proteção de Deus para aquela noite escura e perigosa.","Voz gentil e levemente expressiva. Dramatize os momentos de surpresa com entonação, mas sem assustar. Pause antes de revelar o desfecho.","audio_daniel_lions_scene_08.mp3"
"Pequeninos","daniel_lions","Daniel e os Leões","9","Com as primeiras luzes do amanhecer, o rei Dario se levantou correndo. Correu direto para a cova dos leões, com voz cheia de esperança e medo ao mesmo tempo. Chamou: ""Daniel! Daniel, servo do Deus vivo! O teu Deus, a quem sempre serves, pôde te livrar dos leões?"" E em resposta... veio uma voz familiar e alegre de dentro da cova! O rei não acreditou em seus ouvidos!","Voz gentil e levemente expressiva. Dramatize os momentos de surpresa com entonação, mas sem assustar. Pause antes de revelar o desfecho.","audio_daniel_lions_scene_09.mp3"
"Pequeninos","daniel_lions","Daniel e os Leões","10","""Rei Dario, viva para sempre! Meu Deus enviou o Seu anjo e fechou as bocas dos leões — porque eu sou inocente!"" Daniel saiu da cova sem um único arranhão, porque havia confiado em seu Deus. O rei ficou radiante de alegria e mandou escrever para todo o seu reino: ""Que todos respeitem o Deus de Daniel — porque Ele é o Deus vivo que dura para sempre!"" Com Deus, até a cova mais escura se torna lugar de vitória!","Voz gentil e levemente expressiva. Dramatize os momentos de surpresa com entonação, mas sem assustar. Pause antes de revelar o desfecho.","audio_daniel_lions_scene_10.mp3"
"Pequeninos","jonah_big_fish","Jonas e o Peixe","1","Um dia, Deus falou com Jonas: ""Levanta-te, vai para Nínive, aquela cidade grande, e prega contra ela!"" Nínive era uma cidade enorme cheia de pessoas que faziam coisas erradas. Era uma missão difícil e assustadora. Jonas ouviu o chamado de Deus com clareza. Mas em vez de obedecer, começou a pensar numa saída. Às vezes recebemos chamados difíceis — mas Deus sempre nos ajuda quando obedecemos!","Voz gentil e levemente expressiva. Dramatize os momentos de surpresa com entonação, mas sem assustar. Pause antes de revelar o desfecho.","audio_jonah_big_fish_scene_01.mp3"
"Pequeninos","jonah_big_fish","Jonas e o Peixe","2","Jonas decidiu fugir de Deus! Ele foi ao porto de Jope, comprou uma passagem num navio e partiu na direção totalmente oposta — bem longe de Nínive. Jonas foi descendo, descendo, descendo — até o porão do navio e adormeceu. Mas ninguém consegue realmente fugir de Deus. Deus está em todo lugar, vê tudo e nos ama demais para nos deixar seguir o caminho errado!","Voz gentil e levemente expressiva. Dramatize os momentos de surpresa com entonação, mas sem assustar. Pause antes de revelar o desfecho.","audio_jonah_big_fish_scene_02.mp3"
"Pequeninos","jonah_big_fish","Jonas e o Peixe","3","Deus mandou uma grande tempestade no mar. As ondas ficaram enormes! O navio balançava para um lado e para o outro. Os marinheiros ficavam com muito medo e gritavam para os seus deuses, jogando carga no mar para aliviar o peso. Mas Jonas ainda estava dormindo lá embaixo! O capitão o acordou: ""Levanta! Ora ao teu Deus! Talvez Ele nos salve!""","Voz gentil e levemente expressiva. Dramatize os momentos de surpresa com entonação, mas sem assustar. Pause antes de revelar o desfecho.","audio_jonah_big_fish_scene_03.mp3"
"Pequeninos","jonah_big_fish","Jonas e o Peixe","4","Os marinheiros sortearam para saber quem era culpado pela tempestade — e o sorteio caiu em Jonas! Jonas confessou: ""Eu fugi de Deus. Jogai-me ao mar e ele se acalmará."" Os marinheiros tentaram remar de volta, mas não conseguiram. Por fim, com o coração pesado, jogaram Jonas ao mar — e imediatamente a tempestade parou! Todos ficaram maravilhados com o poder do Deus de Jonas.","Voz gentil e levemente expressiva. Dramatize os momentos de surpresa com entonação, mas sem assustar. Pause antes de revelar o desfecho.","audio_jonah_big_fish_scene_04.mp3"
"Pequeninos","jonah_big_fish","Jonas e o Peixe","5","Jonas afundou nas águas frias e escuras. Mas Deus tinha um plano! Ele preparou um peixe enorme — maior que Jonas jamais tinha visto — que abriu a boca grandona e GULP! Engoliu Jonas inteiro! E Jonas ficou vivo dentro do peixe. Aquilo não era um castigo — era um resgate! Deus usou um peixe gigante para salvar Jonas e lhe dar uma segunda chance maravilhosa.","Voz gentil e levemente expressiva. Dramatize os momentos de surpresa com entonação, mas sem assustar. Pause antes de revelar o desfecho.","audio_jonah_big_fish_scene_05.mp3"
"Pequeninos","jonah_big_fish","Jonas e o Peixe","6","Dentro do peixe, no escuro e no silêncio, Jonas começou a orar. Ele orou com todo o coração, lembrando-se de Deus e se arrependendo. ""Das profundezas do abismo clamei a Ti, ó Senhor! Minha oração chegou até Ti!"" Jonas descobriu que Deus ouve em qualquer lugar — até dentro de um peixe no fundo do mar. Nenhum lugar é longe demais para a oração alcançar Deus!","Voz gentil e levemente expressiva. Dramatize os momentos de surpresa com entonação, mas sem assustar. Pause antes de revelar o desfecho.","audio_jonah_big_fish_scene_06.mp3"
"Pequeninos","jonah_big_fish","Jonas e o Peixe","7","Depois de três dias e três noites dentro do peixe, Deus falou ao peixe. E o peixe obedeceu! Ele nadou até a costa e PTCHUU — cuspiu Jonas na praia! Jonas caiu na areia molhada, olhou o sol brilhando e respirou o ar fresco. Ele estava vivo, livre e em terra seca. Deus tinha cuidado dele em um dos lugares mais improváveis do mundo. Que alegria deve ter sido sentir a areia sob os pés!","Voz gentil e levemente expressiva. Dramatize os momentos de surpresa com entonação, mas sem assustar. Pause antes de revelar o desfecho.","audio_jonah_big_fish_scene_07.mp3"
"Pequeninos","jonah_big_fish","Jonas e o Peixe","8","Desta vez, quando Deus disse ""Vai para Nínive!"", Jonas obedeceu! Nínive era tão grande que levava três dias para atravessá-la. Jonas entrou pela cidade e pregou: ""Daqui a quarenta dias, Nínive será destruída!"" Era uma mensagem difícil, mas necessária. Jonas aprendeu que obedecer na segunda chance exige coragem — mas vale muito mais a pena do que fugir!","Voz gentil e levemente expressiva. Dramatize os momentos de surpresa com entonação, mas sem assustar. Pause antes de revelar o desfecho.","audio_jonah_big_fish_scene_08.mp3"
"Pequeninos","jonah_big_fish","Jonas e o Peixe","9","Uma coisa incrível aconteceu: o povo de Nínive ouviu a mensagem de Jonas e SE ARREPENDEU! Do rei mais poderoso até a pessoa mais simples, todos pararam, oraram e pediram perdão a Deus. O rei tirou a coroa, colocou roupas simples e declarou jejum para todo o povo. Deus viu o arrependimento sincero deles e não destruiu a cidade. Deus é sempre misericordioso com quem se arrepende!","Voz gentil e levemente expressiva. Dramatize os momentos de surpresa com entonação, mas sem assustar. Pause antes de revelar o desfecho.","audio_jonah_big_fish_scene_09.mp3"
"Pequeninos","jonah_big_fish","Jonas e o Peixe","10","Jonas ficou bravo quando Deus perdoou Nínive — ele achava que aquelas pessoas não mereciam perdão. Mas Deus disse a Jonas: ""Você ficou triste por causa de uma plantinha. E eu não deveria me compadecer de Nínive, com tantos milhares de pessoas?"" Jonas aprendeu a lição mais importante: o amor de Deus é muito maior do que conseguimos entender. Deus ama a todos e quer que todos sejam perdoados!","Voz gentil e levemente expressiva. Dramatize os momentos de surpresa com entonação, mas sem assustar. Pause antes de revelar o desfecho.","audio_jonah_big_fish_scene_10.mp3"
"Pequeninos","lost_sheep","A Ovelha Perdida","1","Jesus estava conversando com muitas pessoas quando contou uma história linda. Ele disse: ""Imaginem um pastor que tem cem ovelhas. Ele as conhece pelo nome, sabe as que são tímidas, as que são corajosas, as que precisam de mais cuidado. O pastor ama cada ovelha com um amor real e completo."" Jesus era esse pastor e nós somos as ovelhas — amados e conhecidos por Ele!","Voz gentil e levemente expressiva. Dramatize os momentos de surpresa com entonação, mas sem assustar. Pause antes de revelar o desfecho.","audio_lost_sheep_scene_01.mp3"
"Pequeninos","lost_sheep","A Ovelha Perdida","2","Um dia, uma ovelhinha do rebanho ficou curiosa. Ela foi andando, andando, andando... olhando as flores, cheirando a grama, explorando um caminho novo. Mas quando ela olhou para trás, o rebanho havia desaparecido! Ela estava sozinha. Chamou por outros: ""Meee... meee..."" Mas só ouvia o eco. A noite estava chegando e ela estava perdida, com frio e com medo.","Voz gentil e levemente expressiva. Dramatize os momentos de surpresa com entonação, mas sem assustar. Pause antes de revelar o desfecho.","audio_lost_sheep_scene_02.mp3"
"Pequeninos","lost_sheep","A Ovelha Perdida","3","Ao anoitecer, o pastor reuniu suas ovelhas e começou a contá-las: ""Uma, duas, três..."" Quando chegou na contagem, percebeu: faltava uma! Uma ovelha havia sumido. O coração do pastor apertou. Ele olhou para as 99 ovelhas que estavam bem. Mas não conseguia ficar tranquilo enquanto a centésima não estivesse de volta. Deus é assim com você — Ele nota quando você está longe!","Voz gentil e levemente expressiva. Dramatize os momentos de surpresa com entonação, mas sem assustar. Pause antes de revelar o desfecho.","audio_lost_sheep_scene_03.mp3"
"Pequeninos","lost_sheep","A Ovelha Perdida","4","""Fiquem aqui, vou buscar a que se perdeu!"" O pastor deixou as 99 ovelhas seguras num lugar protegido e saiu sozinho na escuridão. Ele carregava um cajado e uma lanterna de azeite. Não estava preocupado com o esforço nem com o perigo. Só pensava numa coisa: encontrar a ovelha perdida. É assim que Deus te busca — com toda a atenção, toda a força, todo o amor!","Voz gentil e levemente expressiva. Dramatize os momentos de surpresa com entonação, mas sem assustar. Pause antes de revelar o desfecho.","audio_lost_sheep_scene_04.mp3"
"Pequeninos","lost_sheep","A Ovelha Perdida","5","O pastor procurou em todos os lugares: entre os arbustos, atrás das pedras, pelos vales e nos morros. ""Ovelhinha! Onde você está?"" Sua voz ecoava pela noite. Ele não desistiu ao primeiro obstáculo. Não voltou porque estava cansado. Cada passo era movido pelo amor que sentia por aquela ovelha. Deus é assim com você — Ele não para de te buscar enquanto você estiver longe!","Voz gentil e levemente expressiva. Dramatize os momentos de surpresa com entonação, mas sem assustar. Pause antes de revelar o desfecho.","audio_lost_sheep_scene_05.mp3"
"Pequeninos","lost_sheep","A Ovelha Perdida","6","A noite foi passando. A lua subiu e as estrelas brilharam. O pastor continuava procurando. Cada ""Mee! Mee!"" distante que ele ouvia deixava seu coração esperançoso. Estava determinado. Não havia cansaço que o fizesse parar. O amor que um pai sente pelo filho — é assim que Deus sente por você. Esse amor não desiste. Nunca!","Voz gentil e levemente expressiva. Dramatize os momentos de surpresa com entonação, mas sem assustar. Pause antes de revelar o desfecho.","audio_lost_sheep_scene_06.mp3"
"Pequeninos","lost_sheep","A Ovelha Perdida","7","De repente — ""Meee!"" A ovelhinha estava atrás de uma pedra grande, com as patinhas trêmulas e os olhos arregalados. O pastor a viu! Seu coração disparou de alegria. Ele correu até ela, se ajoelhou no chão e a abraçou com força. A ovelhinha se aninhava nos braços do pastor, quentinha e segura. Pronto. Encontrada. Amada. É assim que Deus te encontra quando você volta para perto Dele!","Voz gentil e levemente expressiva. Dramatize os momentos de surpresa com entonação, mas sem assustar. Pause antes de revelar o desfecho.","audio_lost_sheep_scene_07.mp3"
"Pequeninos","lost_sheep","A Ovelha Perdida","8","O pastor não mandou a ovelhinha caminhar de volta sozinha. Ele a colocou nos ombros com alegria! Lá de cima, a ovelhinha podia ver tudo — as estrelas brilhando, o caminho, o rebanho ao longe. Ela estava segura nos ombros do pastor que a buscara. Deus faz o mesmo: quando você está fraco ou perdido, Ele não te manda se virar sozinho. Ele te carrega!","Voz gentil e levemente expressiva. Dramatize os momentos de surpresa com entonação, mas sem assustar. Pause antes de revelar o desfecho.","audio_lost_sheep_scene_08.mp3"
"Pequeninos","lost_sheep","A Ovelha Perdida","9","Quando o pastor chegou em casa com a ovelhinha, ele estava transbordando de alegria! Chamou os amigos e os vizinhos: ""Venham comemorar! Achei a minha ovelha que estava perdida!"" Havia festa, risadas, abraços e alegria contagiante. A ovelhinha que estava perdida agora estava em casa, segura e amada. Jesus disse: ""É assim no céu — há mais alegria por um pecador que se arrepende!""","Voz gentil e levemente expressiva. Dramatize os momentos de surpresa com entonação, mas sem assustar. Pause antes de revelar o desfecho.","audio_lost_sheep_scene_09.mp3"
"Pequeninos","lost_sheep","A Ovelha Perdida","10","Jesus contou essa história para mostrar que cada pessoa é preciosa para Deus — assim como a ovelhinha perdida era preciosa para o pastor. Se você já se sentiu perdido, sozinho ou longe de Deus... saiba que Ele te está buscando com amor. Você é a ovelhinha dos ombros de Jesus. Você é o motivo da festa no céu. Você nunca andou longe demais para Deus não te encontrar!","Voz gentil e levemente expressiva. Dramatize os momentos de surpresa com entonação, mas sem assustar. Pause antes de revelar o desfecho.","audio_lost_sheep_scene_10.mp3"
"Pequeninos","good_samaritan","O Bom Samaritano","1","Um dia, um homem muito estudioso foi falar com Jesus.
Ele conhecia as leis de Deus muito bem.
Ele perguntou: — Jesus, o que eu preciso fazer para ter a vida eterna?
Jesus respondeu com uma pergunta: — O que está escrito na lei?
O homem respondeu: — Amar a Deus com tudo e amar o próximo como a si mesmo!
Jesus disse: — Exatamente! Faça isso e você terá a vida eterna.
Mas o homem tinha mais uma dúvida: — E quem é o meu próximo?","Voz gentil e levemente expressiva. Dramatize os momentos de surpresa com entonação, mas sem assustar. Pause antes de revelar o desfecho.","audio_good_samaritan_scene_01.mp3"
"Pequeninos","good_samaritan","O Bom Samaritano","2","Para responder à pergunta, Jesus contou uma história.
Um homem estava viajando de Jerusalém para Jericó.
No meio do caminho, ladrões apareceram!
Eles roubaram tudo o que ele tinha.
Bateram nele e foram embora.
O pobre homem ficou sozinho, ferido, no chão da estrada.
Ele precisava muito de ajuda.","Voz gentil e levemente expressiva. Dramatize os momentos de surpresa com entonação, mas sem assustar. Pause antes de revelar o desfecho.","audio_good_samaritan_scene_02.mp3"
"Pequeninos","good_samaritan","O Bom Samaritano","3","Logo um sacerdote passou por aquela estrada.
O sacerdote era uma pessoa importante do templo.
Ele viu o homem ferido ali no chão.
Mas ele foi para o outro lado do caminho.
Ele passou de largo sem parar.
Sem perguntar se estava bem.
Sem ajudar.","Voz gentil e levemente expressiva. Dramatize os momentos de surpresa com entonação, mas sem assustar. Pause antes de revelar o desfecho.","audio_good_samaritan_scene_03.mp3"
"Pequeninos","good_samaritan","O Bom Samaritano","4","Depois, um levita veio pelo mesmo caminho.
Os levitas ajudavam no templo de Deus.
Ele também viu o homem ferido no chão.
Parou por um momento e olhou.
Mas foi embora também!
Ele passou de largo sem ajudar.
O homem ferido ficou sozinho de novo.","Voz gentil e levemente expressiva. Dramatize os momentos de surpresa com entonação, mas sem assustar. Pause antes de revelar o desfecho.","audio_good_samaritan_scene_04.mp3"
"Pequeninos","good_samaritan","O Bom Samaritano","5","Então um samaritano passou por ali.
Os samaritanos e judeus não se gostavam.
Seria fácil ele ignorar o homem ferido.
Mas quando o samaritano o viu...
Seu coração se encheu de compaixão!
Ele desceu do seu animal.
Foi até o homem com cuidado.
Ele quis ajudar de verdade!","Voz gentil e levemente expressiva. Dramatize os momentos de surpresa com entonação, mas sem assustar. Pause antes de revelar o desfecho.","audio_good_samaritan_scene_05.mp3"
"Pequeninos","good_samaritan","O Bom Samaritano","6","O samaritano cuidou do homem ferido com muito carinho.
Ele usou azeite e vinho para limpar as feridas.
Azeite para aliviar a dor.
Vinho para curar.
Depois ele colocou panos brancos nas feridas.
Com mãos gentis e coração generoso,
Ele cuidou de alguém que nem conhecia!","Voz gentil e levemente expressiva. Dramatize os momentos de surpresa com entonação, mas sem assustar. Pause antes de revelar o desfecho.","audio_good_samaritan_scene_06.mp3"
"Pequeninos","good_samaritan","O Bom Samaritano","7","O samaritano não foi embora depois de curar as feridas.
Ele colocou o homem ferido no seu próprio animal.
Andalzinho... devagarzinho...
Levou-o até uma estalagem — uma espécie de hotel antigo.
Lá o homem poderia descansar e se recuperar.
O samaritano ficou cuidando dele a noite toda.","Voz gentil e levemente expressiva. Dramatize os momentos de surpresa com entonação, mas sem assustar. Pause antes de revelar o desfecho.","audio_good_samaritan_scene_07.mp3"
"Pequeninos","good_samaritan","O Bom Samaritano","8","Na manhã seguinte, o samaritano precisava partir.
Mas antes de ir, ele chamou o dono da estalagem.
Deu a ele duas moedas de prata.
E disse: — Cuide bem desse homem!
Se gastar mais, eu pago quando voltar.
Ele deu seu tempo, seu cuidado e seu dinheiro.
Tudo por amor a alguém que nem conhecia!","Voz gentil e levemente expressiva. Dramatize os momentos de surpresa com entonação, mas sem assustar. Pause antes de revelar o desfecho.","audio_good_samaritan_scene_08.mp3"
"Pequeninos","good_samaritan","O Bom Samaritano","9","Jesus terminou a história e olhou para o mestre da lei.
Depois ele fez uma pergunta importante:
— Qual dos três foi o próximo do homem que sofreu?
O mestre da lei pensou um pouco.
Ele respondeu: — Aquele que teve misericórdia!
Jesus sorriu e disse: — Isso mesmo!
E agora a pergunta mais importante:","Voz gentil e levemente expressiva. Dramatize os momentos de surpresa com entonação, mas sem assustar. Pause antes de revelar o desfecho.","audio_good_samaritan_scene_09.mp3"
"Pequeninos","good_samaritan","O Bom Samaritano","10","Jesus olhou para o mestre da lei e disse:
— Vai e faz o mesmo!
Essas palavras são para você também!
Quando você vir alguém precisando de ajuda,
Não passe de largo como o sacerdote.
Não olhe e vá embora como o levita.
Tenha compaixão como o samaritano!
Amar ao próximo é amar com ação.","Voz gentil e levemente expressiva. Dramatize os momentos de surpresa com entonação, mas sem assustar. Pause antes de revelar o desfecho.","audio_good_samaritan_scene_10.mp3"
"Descobridores","abraham_stars","Abraão e as Estrelas","1","Numa noite especial, Deus falou com Abraão numa visão. Ele disse: ""Não tenha medo, Abraão — Eu sou o seu escudo e a sua grande recompensa!"" Abraão ficou parado, ouvindo com o coração cheio de emoção.","Voz narrativa e envolvente. Varie o ritmo: acelere levemente em momentos de tensão, desacelere nos momentos de reflexão.","audio_abraham_stars_scene_01.mp3"
"Descobridores","abraham_stars","Abraão e as Estrelas","2","Abraão tinha uma preocupação no coração. Ele disse a Deus: ""Senhor, o que vai me dar? Eu não tenho filhos!"" Abraão ficou olhando para o céu, pensativo. Mas Deus tinha uma resposta incrível para ele!","Voz narrativa e envolvente. Varie o ritmo: acelere levemente em momentos de tensão, desacelere nos momentos de reflexão.","audio_abraham_stars_scene_02.mp3"
"Descobridores","abraham_stars","Abraão e as Estrelas","3","Deus levou Abraão para fora da tenda e disse: ""Olhe para o céu e tente contar as estrelas! É assim que serão os seus descendentes."" Abraão olhou para cima e ficou sem palavras — havia estrelas por todo lado!","Voz narrativa e envolvente. Varie o ritmo: acelere levemente em momentos de tensão, desacelere nos momentos de reflexão.","audio_abraham_stars_scene_03.mp3"
"Descobridores","abraham_stars","Abraão e as Estrelas","4","Mesmo sem entender tudo, Abraão acreditou em Deus. Ele confiou na promessa, mesmo parecendo impossível. A Bíblia diz que Deus ficou muito contente com a fé de Abraão e a contou como algo muito precioso!","Voz narrativa e envolvente. Varie o ritmo: acelere levemente em momentos de tensão, desacelere nos momentos de reflexão.","audio_abraham_stars_scene_04.mp3"
"Descobridores","abraham_stars","Abraão e as Estrelas","5","Deus quis fazer uma promessa especial — uma aliança — com Abraão. Ele pediu que Abraão preparasse alguns animais. Era o modo antigo de selar um compromisso muito sério entre duas pessoas.","Voz narrativa e envolvente. Varie o ritmo: acelere levemente em momentos de tensão, desacelere nos momentos de reflexão.","audio_abraham_stars_scene_05.mp3"
"Descobridores","abraham_stars","Abraão e as Estrelas","6","Quando o sol estava se pondo, um sono muito profundo caiu sobre Abraão. Era um sono especial de Deus. E junto com o sono, Deus foi falar diretamente com o coração de Abraão — algo que só Ele pode fazer!","Voz narrativa e envolvente. Varie o ritmo: acelere levemente em momentos de tensão, desacelere nos momentos de reflexão.","audio_abraham_stars_scene_06.mp3"
"Descobridores","abraham_stars","Abraão e as Estrelas","7","Deus falou a Abraão sobre o que aconteceria no futuro — sobre seus netos, bisnetos e muitas gerações! Deus conhece cada dia antes de ele acontecer. Que incrível saber que Ele já está cuidando do que ainda virá!","Voz narrativa e envolvente. Varie o ritmo: acelere levemente em momentos de tensão, desacelere nos momentos de reflexão.","audio_abraham_stars_scene_07.mp3"
"Descobridores","abraham_stars","Abraão e as Estrelas","8","De repente, uma tocha de fogo brilhante passou entre os animais! Era Deus passando sozinho. Isso significava que Deus assumia toda a responsabilidade da aliança. Ele prometia cumprir, independente do que acontecesse!","Voz narrativa e envolvente. Varie o ritmo: acelere levemente em momentos de tensão, desacelere nos momentos de reflexão.","audio_abraham_stars_scene_08.mp3"
"Descobridores","abraham_stars","Abraão e as Estrelas","9","Deus prometeu a Abraão uma terra maravilhosa — com rios, montanhas e campos verdes. Um lugar para todos os seus descendentes morarem. Era uma promessa de lar, de pertencimento, de cuidado!","Voz narrativa e envolvente. Varie o ritmo: acelere levemente em momentos de tensão, desacelere nos momentos de reflexão.","audio_abraham_stars_scene_09.mp3"
"Descobridores","abraham_stars","Abraão e as Estrelas","10","A fé de Abraão é um exemplo para todos nós até hoje! Ele acreditou numa promessa que parecia impossível — e Deus cumpriu cada palavra. Cada estrela no céu lembra que Deus é fiel e que Suas promessas duram para sempre!","Voz narrativa e envolvente. Varie o ritmo: acelere levemente em momentos de tensão, desacelere nos momentos de reflexão.","audio_abraham_stars_scene_10.mp3"
"Descobridores","joseph_colorful_coat","José e o Manto Colorido","1","Jacó amava muito seu filho José e deu a ele um presente muito especial: um manto de muitas cores lindas! Era bonito demais. Os outros irmãos de José ficaram com ciúmes. Por que ele ganhou e eu não?","Voz narrativa e envolvente. Varie o ritmo: acelere levemente em momentos de tensão, desacelere nos momentos de reflexão.","audio_joseph_colorful_coat_scene_01.mp3"
"Descobridores","joseph_colorful_coat","José e o Manto Colorido","2","José teve dois sonhos muito especiais. Nos sonhos, os seus irmãos se curvavam para ele! José contou os sonhos, mas os irmãos ficaram ainda mais bravos. Só que esses sonhos eram mensagens de Deus!","Voz narrativa e envolvente. Varie o ritmo: acelere levemente em momentos de tensão, desacelere nos momentos de reflexão.","audio_joseph_colorful_coat_scene_02.mp3"
"Descobridores","joseph_colorful_coat","José e o Manto Colorido","3","Os irmãos de José ficaram tão bravos que planejaram se livrar dele. Às vezes, quando deixamos a raiva crescer no coração, ela pode nos levar a fazer coisas erradas. O coração precisa de amor, não de mágoa!","Voz narrativa e envolvente. Varie o ritmo: acelere levemente em momentos de tensão, desacelere nos momentos de reflexão.","audio_joseph_colorful_coat_scene_03.mp3"
"Descobridores","joseph_colorful_coat","José e o Manto Colorido","4","Os irmãos venderam José para mercadores que passavam com camelos. José foi levado bem longe, para o Egito. Que coisa triste! Mas mesmo no lugar mais difícil, Deus não abandonou José nem por um segundo.","Voz narrativa e envolvente. Varie o ritmo: acelere levemente em momentos de tensão, desacelere nos momentos de reflexão.","audio_joseph_colorful_coat_scene_04.mp3"
"Descobridores","joseph_colorful_coat","José e o Manto Colorido","5","No Egito, José foi trabalhar na casa de um homem chamado Potifar. Mesmo sendo escravo e estando longe de casa, José trabalhava com todo o seu coração. E a Bíblia diz: Deus estava com José em tudo!","Voz narrativa e envolvente. Varie o ritmo: acelere levemente em momentos de tensão, desacelere nos momentos de reflexão.","audio_joseph_colorful_coat_scene_05.mp3"
"Descobridores","joseph_colorful_coat","José e o Manto Colorido","6","Por causa de uma injustiça, José foi parar na prisão. Que coisa difícil! Mas mesmo lá dentro, Deus estava com ele. Um raio de luz entrava pela janela pequena — e Deus trazia esperança mesmo no lugar mais escuro.","Voz narrativa e envolvente. Varie o ritmo: acelere levemente em momentos de tensão, desacelere nos momentos de reflexão.","audio_joseph_colorful_coat_scene_06.mp3"
"Descobridores","joseph_colorful_coat","José e o Manto Colorido","7","Na prisão, dois companheiros de José tiveram sonhos estranhos. José pediu a Deus a interpretação e os ajudou! O dom que Deus colocou no coração de José abria portas até na prisão. Os dons de Deus sempre têm um propósito!","Voz narrativa e envolvente. Varie o ritmo: acelere levemente em momentos de tensão, desacelere nos momentos de reflexão.","audio_joseph_colorful_coat_scene_07.mp3"
"Descobridores","joseph_colorful_coat","José e o Manto Colorido","8","O faraó, o rei do Egito, teve um sonho muito misterioso. Ele sonhou com vacas gordas e vacas magras, espigas cheias e espigas secas. Ninguém conseguia explicar — até que alguém lembrou de José na prisão!","Voz narrativa e envolvente. Varie o ritmo: acelere levemente em momentos de tensão, desacelere nos momentos de reflexão.","audio_joseph_colorful_coat_scene_08.mp3"
"Descobridores","joseph_colorful_coat","José e o Manto Colorido","9","José saiu da prisão para o palácio! O faraó o tornou governador de todo o Egito. José agora salvava vidas durante uma grande fome. Da prisão ao palácio — isso só aconteceu porque Deus estava guiando cada passo!","Voz narrativa e envolvente. Varie o ritmo: acelere levemente em momentos de tensão, desacelere nos momentos de reflexão.","audio_joseph_colorful_coat_scene_09.mp3"
"Descobridores","joseph_colorful_coat","José e o Manto Colorido","10","Os irmãos de José chegaram ao Egito para pedir comida. José os reconheceu! Ele poderia ter ficado com raiva — mas em vez disso, escolheu perdoar. Com lágrimas nos olhos disse: ""Não fui eu que vim para cá — foi Deus quem enviou para salvar vocês!""","Voz narrativa e envolvente. Varie o ritmo: acelere levemente em momentos de tensão, desacelere nos momentos de reflexão.","audio_joseph_colorful_coat_scene_10.mp3"
"Descobridores","moses_red_sea","Moisés e o Mar Vermelho","1","Depois de muito tempo como escravos, o povo de Israel finalmente estava livre! Saíram do Egito com alegria, cantando e dançando. Deus ouviu as orações do Seu povo e agiu! Que início de aventura incrível!","Voz narrativa e envolvente. Varie o ritmo: acelere levemente em momentos de tensão, desacelere nos momentos de reflexão.","audio_moses_red_sea_scene_01.mp3"
"Descobridores","moses_red_sea","Moisés e o Mar Vermelho","2","Mas de repente — o faraó mudou de ideia! Ele mandou seu grande exército ir atrás de Israel com carros de guerra e cavalos. O povo de Israel estava fugindo, mas os soldados do faraó estavam chegando por trás!","Voz narrativa e envolvente. Varie o ritmo: acelere levemente em momentos de tensão, desacelere nos momentos de reflexão.","audio_moses_red_sea_scene_02.mp3"
"Descobridores","moses_red_sea","Moisés e o Mar Vermelho","3","O povo de Israel ficou com muito medo! Na frente: o Mar Vermelho imenso. Atrás: o exército do faraó chegando. Parecia não ter nenhuma saída! As pessoas choravam e gritavam. Que situação difícil!","Voz narrativa e envolvente. Varie o ritmo: acelere levemente em momentos de tensão, desacelere nos momentos de reflexão.","audio_moses_red_sea_scene_03.mp3"
"Descobridores","moses_red_sea","Moisés e o Mar Vermelho","4","Moisés ergueu o cajado e disse com voz firme: ""Não tenham medo! Fiquem quietos e vejam como Deus vai salvar vocês hoje! O Senhor lutará por vocês!"" Às vezes precisamos de alguém que nos lembre que Deus está no controle!","Voz narrativa e envolvente. Varie o ritmo: acelere levemente em momentos de tensão, desacelere nos momentos de reflexão.","audio_moses_red_sea_scene_04.mp3"
"Descobridores","moses_red_sea","Moisés e o Mar Vermelho","5","Então aconteceu algo incrível! A coluna de nuvem e fogo que guiava Israel se moveu e foi para trás do povo — colocando-se entre Israel e o exército egípcio! Deus colocou Sua proteção entre o Seu povo e o perigo. Que Pai incrível!","Voz narrativa e envolvente. Varie o ritmo: acelere levemente em momentos de tensão, desacelere nos momentos de reflexão.","audio_moses_red_sea_scene_05.mp3"
"Descobridores","moses_red_sea","Moisés e o Mar Vermelho","6","Deus mandou Moisés estender o cajado sobre o mar. Era um ato de fé — agir antes de ver o milagre acontecer! Moisés obedeceu. Um vento poderoso começou a soprar toda a noite. Algo grandioso estava prestes a acontecer!","Voz narrativa e envolvente. Varie o ritmo: acelere levemente em momentos de tensão, desacelere nos momentos de reflexão.","audio_moses_red_sea_scene_06.mp3"
"Descobridores","moses_red_sea","Moisés e o Mar Vermelho","7","E então o maior milagre aconteceu! As águas do Mar Vermelho se dividiram para os dois lados — uma parede de água de cada lado — e no meio apareceu um caminho seco! O povo ficou de boca aberta. Só Deus faz isso!","Voz narrativa e envolvente. Varie o ritmo: acelere levemente em momentos de tensão, desacelere nos momentos de reflexão.","audio_moses_red_sea_scene_07.mp3"
"Descobridores","moses_red_sea","Moisés e o Mar Vermelho","8","Todo o povo de Israel começou a atravessar o fundo do mar — em terra seca! As crianças iam junto com os pais. Os idosos caminhavam firmes. E as paredes de água ficavam de pé dos dois lados. Que vista incrível!","Voz narrativa e envolvente. Varie o ritmo: acelere levemente em momentos de tensão, desacelere nos momentos de reflexão.","audio_moses_red_sea_scene_08.mp3"
"Descobridores","moses_red_sea","Moisés e o Mar Vermelho","9","Os soldados do faraó tentaram seguir Israel pelo caminho aberto. Mas as rodas dos carros ficaram presas na areia e tudo começou a dar errado! Deus deteve o exército poderoso com areia molhada. Que poder!","Voz narrativa e envolvente. Varie o ritmo: acelere levemente em momentos de tensão, desacelere nos momentos de reflexão.","audio_moses_red_sea_scene_09.mp3"
"Descobridores","moses_red_sea","Moisés e o Mar Vermelho","10","Israel chegou são e salvo à outra margem! Moisés cantou um cântico de louvor a Deus. E Miriam, a irmã de Moisés, pegou o pandeiro e começou a dançar com todas as mulheres — cantando: ""O Senhor é glorioso! Ele nos salvou!""","Voz narrativa e envolvente. Varie o ritmo: acelere levemente em momentos de tensão, desacelere nos momentos de reflexão.","audio_moses_red_sea_scene_10.mp3"
"Descobridores","ruth_naomi","Rute e Noemi","1","Noemi morava em Moabe com o marido e dois filhos. Cada filho se casou com uma moça moabita — Orpá e Rute. Era uma família feliz, unida e cheia de carinho. A vida parecia boa e tranquila!","Voz narrativa e envolvente. Varie o ritmo: acelere levemente em momentos de tensão, desacelere nos momentos de reflexão.","audio_ruth_naomi_scene_01.mp3"
"Descobridores","ruth_naomi","Rute e Noemi","2","Uma tristeza muito grande chegou: o marido de Noemi e os dois filhos morreram. Noemi, Orpá e Rute ficaram as três sozinhas, chorando e se abraçando. Nos momentos de dor, estar junto já é um grande presente!","Voz narrativa e envolvente. Varie o ritmo: acelere levemente em momentos de tensão, desacelere nos momentos de reflexão.","audio_ruth_naomi_scene_02.mp3"
"Descobridores","ruth_naomi","Rute e Noemi","3","Noemi decidiu voltar para Belém, sua cidade natal. Por amor às noras, ela disse: ""Voltem para a casa de suas mães. Vocês merecem recomeçar!"" Noemi estava disposta a ficar sozinha para que elas fossem felizes.","Voz narrativa e envolvente. Varie o ritmo: acelere levemente em momentos de tensão, desacelere nos momentos de reflexão.","audio_ruth_naomi_scene_03.mp3"
"Descobridores","ruth_naomi","Rute e Noemi","4","Orpá foi embora com muito choro. Mas Rute se agarrou a Noemi e disse: ""Não me peça para te deixar! Aonde você for, eu irei. O seu povo será o meu povo e o seu Deus será o meu Deus!"" Que amor de verdade!","Voz narrativa e envolvente. Varie o ritmo: acelere levemente em momentos de tensão, desacelere nos momentos de reflexão.","audio_ruth_naomi_scene_04.mp3"
"Descobridores","ruth_naomi","Rute e Noemi","5","Noemi e Rute chegaram em Belém e as pessoas ficaram animadas ao vê-las. Mas Noemi estava tão triste que disse: ""Não me chame de Noemi — me chame de Amarga, pois muito sofrimento passei."" Mesmo na tristeza, o amor de Rute permanecia!","Voz narrativa e envolvente. Varie o ritmo: acelere levemente em momentos de tensão, desacelere nos momentos de reflexão.","audio_ruth_naomi_scene_05.mp3"
"Descobridores","ruth_naomi","Rute e Noemi","6","Para cuidar das duas, Rute foi ao campo colher as sobras da colheita — as espigas que caíam no chão. Era trabalho humilde, mas Rute o fez com dedicação. Ela não tinha vergonha de trabalhar para cuidar de quem amava!","Voz narrativa e envolvente. Varie o ritmo: acelere levemente em momentos de tensão, desacelere nos momentos de reflexão.","audio_ruth_naomi_scene_06.mp3"
"Descobridores","ruth_naomi","Rute e Noemi","7","O dono do campo era Boaz, parente de Noemi. Ele notou Rute e perguntou quem ela era. Quando soube da bondade dela com Noemi, Boaz disse: ""Que Deus te recompense pelo que você fez!"" A bondade de Rute tinha chegado aos seus ouvidos!","Voz narrativa e envolvente. Varie o ritmo: acelere levemente em momentos de tensão, desacelere nos momentos de reflexão.","audio_ruth_naomi_scene_07.mp3"
"Descobridores","ruth_naomi","Rute e Noemi","8","Boaz mandou que seus trabalhadores cuidassem de Rute e deixassem cair mais espigas de propósito para ela colher. Até a convidou para comer com eles! Boaz foi um instrumento de Deus para cuidar de Rute e Noemi.","Voz narrativa e envolvente. Varie o ritmo: acelere levemente em momentos de tensão, desacelere nos momentos de reflexão.","audio_ruth_naomi_scene_08.mp3"
"Descobridores","ruth_naomi","Rute e Noemi","9","Pela lei de Israel, um parente próximo podia cuidar da família de alguém que morreu. Boaz, com amor e generosidade, se tornou esse parente para Rute e Noemi. Eles se casaram — e a família de Noemi foi restaurada!","Voz narrativa e envolvente. Varie o ritmo: acelere levemente em momentos de tensão, desacelere nos momentos de reflexão.","audio_ruth_naomi_scene_09.mp3"
"Descobridores","ruth_naomi","Rute e Noemi","10","Rute e Boaz tiveram um filho chamado Obede. Noemi ficou tão feliz que tomou o bebê nos braços e o embalou com amor! Obede seria avô do rei Davi — e bisavô, bisavô, bisavô de Jesus. A lealdade de Rute fez parte do plano de Deus!","Voz narrativa e envolvente. Varie o ritmo: acelere levemente em momentos de tensão, desacelere nos momentos de reflexão.","audio_ruth_naomi_scene_10.mp3"
"Descobridores","esther_queen","Ester, a Rainha Corajosa","1","Ester era uma jovem judia que vivia com seu tio Mardoqueu. Um dia, o rei Assuero escolheu Ester entre todas as moças do reino para ser a sua rainha! Que surpresa incrível! Deus estava guiando cada passo da vida dela.","Voz narrativa e envolvente. Varie o ritmo: acelere levemente em momentos de tensão, desacelere nos momentos de reflexão.","audio_esther_queen_scene_01.mp3"
"Descobridores","esther_queen","Ester, a Rainha Corajosa","2","Havia um homem mau no reino chamado Hamã. Ele ficou com muita raiva do tio de Ester e planejou destruir todos os judeus do império! Hamã convenceu o rei a assinar um decreto perigoso. O povo de Deus estava em perigo!","Voz narrativa e envolvente. Varie o ritmo: acelere levemente em momentos de tensão, desacelere nos momentos de reflexão.","audio_esther_queen_scene_02.mp3"
"Descobridores","esther_queen","Ester, a Rainha Corajosa","3","Mardoqueu, o tio de Ester, ficou sabendo do plano terrível. Ele enviou uma mensagem urgente para Ester dentro do palácio: ""O nosso povo está em perigo! Você precisa ir falar com o rei!"" Que missão difícil e importante!","Voz narrativa e envolvente. Varie o ritmo: acelere levemente em momentos de tensão, desacelere nos momentos de reflexão.","audio_esther_queen_scene_03.mp3"
"Descobridores","esther_queen","Ester, a Rainha Corajosa","4","Ester estava com medo — entrar onde o rei não chamou podia custar sua vida! Mas Mardoqueu disse algo que ficou gravado para sempre: ""Quem sabe se não foi para um momento como este que você chegou ao reino?"" Você chegou onde está por uma razão!","Voz narrativa e envolvente. Varie o ritmo: acelere levemente em momentos de tensão, desacelere nos momentos de reflexão.","audio_esther_queen_scene_04.mp3"
"Descobridores","esther_queen","Ester, a Rainha Corajosa","5","Antes de agir, Ester pediu que todos os judeus jejuassem e orassem por ela por três dias. Ela sabia que precisava de Deus! Quando enfrentamos algo difícil, a oração é a nossa arma mais poderosa!","Voz narrativa e envolvente. Varie o ritmo: acelere levemente em momentos de tensão, desacelere nos momentos de reflexão.","audio_esther_queen_scene_05.mp3"
"Descobridores","esther_queen","Ester, a Rainha Corajosa","6","Com fé no coração, Ester tomou sua decisão. Ela disse as palavras mais corajosas: ""Se eu perecer, pereço — mas vou ao rei!"" A coragem não é não ter medo. É agir mesmo tendo medo. Ester foi!","Voz narrativa e envolvente. Varie o ritmo: acelere levemente em momentos de tensão, desacelere nos momentos de reflexão.","audio_esther_queen_scene_06.mp3"
"Descobridores","esther_queen","Ester, a Rainha Corajosa","7","Ester se vestiu com suas roupas reais e entrou no salão do rei sem ser convidada — sabendo que isso podia custar sua vida! O salão era enorme, cheio de colunas douradas. O coração de Ester batia forte, mas ela continuou andando.","Voz narrativa e envolvente. Varie o ritmo: acelere levemente em momentos de tensão, desacelere nos momentos de reflexão.","audio_esther_queen_scene_07.mp3"
"Descobridores","esther_queen","Ester, a Rainha Corajosa","8","O rei olhou para Ester — e estendeu o cetro dourado! Isso significava que ela era bem-vinda. Ester estava segura! Deus tocou o coração do rei naquele momento. Quando Deus abre a porta, ninguém pode fechar!","Voz narrativa e envolvente. Varie o ritmo: acelere levemente em momentos de tensão, desacelere nos momentos de reflexão.","audio_esther_queen_scene_08.mp3"
"Descobridores","esther_queen","Ester, a Rainha Corajosa","9","Ester preparou um banquete especial para o rei e Hamã. Com coragem, ela revelou a verdade: ""Meu rei, alguém quer destruir o meu povo — e eu sou judia!"" O rei ficou furioso com Hamã. A verdade de Ester salvou o povo!","Voz narrativa e envolvente. Varie o ritmo: acelere levemente em momentos de tensão, desacelere nos momentos de reflexão.","audio_esther_queen_scene_09.mp3"
"Descobridores","esther_queen","Ester, a Rainha Corajosa","10","O plano de Hamã foi revertido! O povo judeu foi salvo! E Ester, uma jovem que poderia ter ficado quieta, foi a protagonista dessa incrível história. Ela cumpriu o propósito que Deus tinha para ela. A sua vida também tem um propósito especial!","Voz narrativa e envolvente. Varie o ritmo: acelere levemente em momentos de tensão, desacelere nos momentos de reflexão.","audio_esther_queen_scene_10.mp3"
"Descobridores","miraculous_catch","A Pesca Milagrosa","1","Pedro e seus amigos pescadores trabalharam a noite toda no lago de Genesaré. Jogaram as redes várias vezes. Mas quando o sol começou a nascer, as redes estavam vazias. Nada! Pedro estava cansado e um pouco decepcionado.","Voz narrativa e envolvente. Varie o ritmo: acelere levemente em momentos de tensão, desacelere nos momentos de reflexão.","audio_miraculous_catch_scene_01.mp3"
"Descobridores","miraculous_catch","A Pesca Milagrosa","2","Uma multidão estava se juntando na margem para ouvir Jesus falar. Jesus viu o barco de Pedro e perguntou: ""Você pode me emprestar seu barco?"" Pedro disse sim! Às vezes Deus pede que emprestemos o que temos para Ele usar.","Voz narrativa e envolvente. Varie o ritmo: acelere levemente em momentos de tensão, desacelere nos momentos de reflexão.","audio_miraculous_catch_scene_02.mp3"
"Descobridores","miraculous_catch","A Pesca Milagrosa","3","Jesus entrou no barco de Pedro e começou a ensinar a multidão na margem. O lago era azul e calmo, o sol da manhã brilhava dourado. Pedro ouvia enquanto lavava as redes. Que privilégio ter Jesus no próprio barco!","Voz narrativa e envolvente. Varie o ritmo: acelere levemente em momentos de tensão, desacelere nos momentos de reflexão.","audio_miraculous_catch_scene_03.mp3"
"Descobridores","miraculous_catch","A Pesca Milagrosa","4","Quando Jesus terminou de ensinar, ele disse a Pedro: ""Rema para o fundo do lago e lance as redes para pescar."" Pedro olhou com surpresa — já era tarde da manhã, o pior horário para pescar! Mas Jesus estava pedindo.","Voz narrativa e envolvente. Varie o ritmo: acelere levemente em momentos de tensão, desacelere nos momentos de reflexão.","audio_miraculous_catch_scene_04.mp3"
"Descobridores","miraculous_catch","A Pesca Milagrosa","5","Pedro poderia ter dito não — ele era o pescador especialista! Mas em vez disso disse: ""Mestre, trabalhamos a noite toda e não pegamos nada. Mas — na Tua palavra — lançarei as redes!"" Que fé incrível num momento de cansaço!","Voz narrativa e envolvente. Varie o ritmo: acelere levemente em momentos de tensão, desacelere nos momentos de reflexão.","audio_miraculous_catch_scene_05.mp3"
"Descobridores","miraculous_catch","A Pesca Milagrosa","6","As redes foram lançadas — e de repente ficaram tão cheias de peixes que começaram a rasgar! Peixes de todos os tamanhos e cores! Era impossível! Pedro ficou olhando, boca aberta. Isso só Deus podia fazer!","Voz narrativa e envolvente. Varie o ritmo: acelere levemente em momentos de tensão, desacelere nos momentos de reflexão.","audio_miraculous_catch_scene_06.mp3"
"Descobridores","miraculous_catch","A Pesca Milagrosa","7","Pedro chamou seus sócios Tiago e João em outro barco para ajudar. Mesmo com dois barcos, tinham tantos peixes que os barcos começavam a afundar de tanta abundância! A bênção de Deus transbordou para os amigos também!","Voz narrativa e envolvente. Varie o ritmo: acelere levemente em momentos de tensão, desacelere nos momentos de reflexão.","audio_miraculous_catch_scene_07.mp3"
"Descobridores","miraculous_catch","A Pesca Milagrosa","8","Pedro caiu de joelhos aos pés de Jesus no barco e disse: ""Senhor, vai embora de mim — sou um homem pecador!"" Diante do poder de Deus, Pedro sentiu sua própria fraqueza. Essa humildade é o começo de algo lindo!","Voz narrativa e envolvente. Varie o ritmo: acelere levemente em momentos de tensão, desacelere nos momentos de reflexão.","audio_miraculous_catch_scene_08.mp3"
"Descobridores","miraculous_catch","A Pesca Milagrosa","9","Jesus olhou para Pedro com amor e disse: ""Não tenha medo! A partir de agora você pescará homens!"" Que chamado incrível! Jesus não desistiu de Pedro por ele ser pecador — pelo contrário, o chamou para uma missão enorme!","Voz narrativa e envolvente. Varie o ritmo: acelere levemente em momentos de tensão, desacelere nos momentos de reflexão.","audio_miraculous_catch_scene_09.mp3"
"Descobridores","miraculous_catch","A Pesca Milagrosa","10","Os barcos estavam cheios de peixes — mais do que nunca! Mas Pedro, Tiago e João deixaram tudo ali e foram seguir Jesus. Às vezes Deus nos dá abundância para mostrar que podemos deixar até ela para seguir o que mais importa!","Voz narrativa e envolvente. Varie o ritmo: acelere levemente em momentos de tensão, desacelere nos momentos de reflexão.","audio_miraculous_catch_scene_10.mp3"
"Jovens da Fé","samuel_hears_god","Samuel Ouve a Voz de Deus","1","Samuel era um menino que morava e servia no templo com o sacerdote Eli. Desde pequenininho, Samuel era fiel e dedicado — sempre ajudando e cuidando do lugar sagrado. Que exemplo lindo de criança que ama a Deus!","Voz mais reflexiva e madura. Permita 1–2 s de silêncio antes dos pontos de ensino. Leia como quem conta uma história real.","audio_samuel_hears_god_scene_01.mp3"
"Jovens da Fé","samuel_hears_god","Samuel Ouve a Voz de Deus","2","Era uma noite muito silenciosa no templo. Samuel dormia pertinho da arca de Deus — a caixa sagrada. A lâmpada dourada ainda brilhava no escuro. Era quase como se Deus estivesse esperando o momento certo para falar.","Voz mais reflexiva e madura. Permita 1–2 s de silêncio antes dos pontos de ensino. Leia como quem conta uma história real.","audio_samuel_hears_god_scene_02.mp3"
"Jovens da Fé","samuel_hears_god","Samuel Ouve a Voz de Deus","3","De repente, Samuel ouviu uma voz chamando seu nome: ""Samuel!"" Ele pensou que era Eli o chamando, então correu até onde o velho sacerdote dormia. Eli ficou surpreso: ""Não fui eu, volte dormir!"" Mas Deus estava chamando!","Voz mais reflexiva e madura. Permita 1–2 s de silêncio antes dos pontos de ensino. Leia como quem conta uma história real.","audio_samuel_hears_god_scene_03.mp3"
"Jovens da Fé","samuel_hears_god","Samuel Ouve a Voz de Deus","4","A voz chamou de novo: ""Samuel!"" E Samuel correu de novo até Eli. Mas Eli disse: ""Não fui eu, meu filho, volte dormir."" Duas vezes! Samuel era tão fiel que quando alguém o chamava, ele respondia na hora: ""Aqui estou!""","Voz mais reflexiva e madura. Permita 1–2 s de silêncio antes dos pontos de ensino. Leia como quem conta uma história real.","audio_samuel_hears_god_scene_04.mp3"
"Jovens da Fé","samuel_hears_god","Samuel Ouve a Voz de Deus","5","Na terceira vez, Eli entendeu: era Deus quem estava chamando Samuel! Então Eli ensinou o menino o que fazer: ""Se a voz chamar de novo, diga: Fala, Senhor — o Teu servo está ouvindo."" Que mestre sábio! Eli ajudou Samuel a ouvir Deus.","Voz mais reflexiva e madura. Permita 1–2 s de silêncio antes dos pontos de ensino. Leia como quem conta uma história real.","audio_samuel_hears_god_scene_05.mp3"
"Jovens da Fé","samuel_hears_god","Samuel Ouve a Voz de Deus","6","Samuel voltou para dormir. E quando a voz de Deus chamou de novo: ""Samuel!"" — desta vez ele respondeu do fundo do coração: ""Fala, Senhor — o Teu servo está ouvindo!"" É uma das mais belas respostas da Bíblia toda!","Voz mais reflexiva e madura. Permita 1–2 s de silêncio antes dos pontos de ensino. Leia como quem conta uma história real.","audio_samuel_hears_god_scene_06.mp3"
"Jovens da Fé","samuel_hears_god","Samuel Ouve a Voz de Deus","7","Deus falou a Samuel — uma mensagem importante sobre o que aconteceria. Uma luz dourada desceu do teto do templo até Samuel. Que privilégio! Um menino ouvindo diretamente a voz do Criador do universo. Deus fala com quem tem ouvidos abertos!","Voz mais reflexiva e madura. Permita 1–2 s de silêncio antes dos pontos de ensino. Leia como quem conta uma história real.","audio_samuel_hears_god_scene_07.mp3"
"Jovens da Fé","samuel_hears_god","Samuel Ouve a Voz de Deus","8","De manhã cedo, Samuel ficou quietinho. Tinha ouvido uma mensagem difícil de Deus e estava com medo de contar para Eli. Às vezes a verdade é difícil de falar. Mas Eli já era velho e sábio — ele sabia que Samuel tinha algo importante para dizer.","Voz mais reflexiva e madura. Permita 1–2 s de silêncio antes dos pontos de ensino. Leia como quem conta uma história real.","audio_samuel_hears_god_scene_08.mp3"
"Jovens da Fé","samuel_hears_god","Samuel Ouve a Voz de Deus","9","Eli chamou Samuel e disse: ""Me conta tudo o que Deus disse — não esconda nada!"" E Samuel teve coragem: contou cada palavra que Deus tinha falado. Eli ouviu com calma e respondeu: ""É o Senhor — que Ele faça o que lhe parecer bom.""","Voz mais reflexiva e madura. Permita 1–2 s de silêncio antes dos pontos de ensino. Leia como quem conta uma história real.","audio_samuel_hears_god_scene_09.mp3"
"Jovens da Fé","samuel_hears_god","Samuel Ouve a Voz de Deus","10","Samuel cresceu e Deus esteve com ele em tudo. Cada palavra que Samuel falava acontecia de verdade! Todo o povo de Israel reconhecia que Samuel era um profeta de Deus. Tudo começou numa noite silenciosa quando um menino disse: ""Fala, Senhor — estou ouvindo!""","Voz mais reflexiva e madura. Permita 1–2 s de silêncio antes dos pontos de ensino. Leia como quem conta uma história real.","audio_samuel_hears_god_scene_10.mp3"
"Jovens da Fé","josiah_young_king","Josias, o Rei Jovem","1","Um dia muito especial chegou: Josias se tornou rei de Judá — com apenas oito anos de idade! Imagine isso: um menino com uma coroa! Todo mundo ficou olhando. Mas Josias tinha algo especial no coração que Deus já havia colocado lá.","Voz mais reflexiva e madura. Permita 1–2 s de silêncio antes dos pontos de ensino. Leia como quem conta uma história real.","audio_josiah_young_king_scene_01.mp3"
"Jovens da Fé","josiah_young_king","Josias, o Rei Jovem","2","A Bíblia diz que Josias ""fez o que era reto aos olhos do Senhor"" — desde que era bem jovem! Ele não esperou crescer para buscar a Deus. O coração de Josias estava voltado para o bem e para o amor a Deus desde o início.","Voz mais reflexiva e madura. Permita 1–2 s de silêncio antes dos pontos de ensino. Leia como quem conta uma história real.","audio_josiah_young_king_scene_02.mp3"
"Jovens da Fé","josiah_young_king","Josias, o Rei Jovem","3","Josias olhou para o templo de Deus e viu que estava deteriorado — precisando de muito cuidado. Então ele mandou restaurar tudo! Trabalhadores alegres e coloridos encheram o templo de alegria e renovação. Honrar a Deus começa cuidando do Seu lugar!","Voz mais reflexiva e madura. Permita 1–2 s de silêncio antes dos pontos de ensino. Leia como quem conta uma história real.","audio_josiah_young_king_scene_03.mp3"
"Jovens da Fé","josiah_young_king","Josias, o Rei Jovem","4","Durante a restauração do templo aconteceu uma descoberta incrível! O sacerdote Hilquias encontrou um rolo antigo escondido — era o livro da lei de Moisés! A Palavra de Deus havia sido esquecida por muito tempo. Mas agora estava de volta!","Voz mais reflexiva e madura. Permita 1–2 s de silêncio antes dos pontos de ensino. Leia como quem conta uma história real.","audio_josiah_young_king_scene_04.mp3"
"Jovens da Fé","josiah_young_king","Josias, o Rei Jovem","5","O livro foi lido em voz alta para o rei Josias. Quando ele ouviu as palavras de Deus, ficou tão tocado que rasgou a sua própria roupa — um gesto de arrependimento genuíno. A Palavra de Deus pode mudar o coração quando a ouvimos com atenção!","Voz mais reflexiva e madura. Permita 1–2 s de silêncio antes dos pontos de ensino. Leia como quem conta uma história real.","audio_josiah_young_king_scene_05.mp3"
"Jovens da Fé","josiah_young_king","Josias, o Rei Jovem","6","Josias não tomou nenhuma decisão sem consultar Deus primeiro. Ele mandou os líderes procurar a profetisa Hulda para ouvir o que Deus dizia. Que humildade para um rei! Buscar a sabedoria de Deus antes de agir é sempre o melhor caminho.","Voz mais reflexiva e madura. Permita 1–2 s de silêncio antes dos pontos de ensino. Leia como quem conta uma história real.","audio_josiah_young_king_scene_06.mp3"
"Jovens da Fé","josiah_young_king","Josias, o Rei Jovem","7","Josias convocou todo o povo — do menor ao maior — para ouvir a Palavra de Deus juntos! Ninguém ficou de fora. Josias entendeu que a Palavra de Deus não é para guardar só para si — é para ser compartilhada com todos!","Voz mais reflexiva e madura. Permita 1–2 s de silêncio antes dos pontos de ensino. Leia como quem conta uma história real.","audio_josiah_young_king_scene_07.mp3"
"Jovens da Fé","josiah_young_king","Josias, o Rei Jovem","8","Josias e todo o povo fizeram uma promessa juntos: obedecer a Deus com todo o coração e toda a alma! Mãos juntas, corações unidos, uma aliança renovada. Renovar o compromisso com Deus é algo que você pode fazer hoje também!","Voz mais reflexiva e madura. Permita 1–2 s de silêncio antes dos pontos de ensino. Leia como quem conta uma história real.","audio_josiah_young_king_scene_08.mp3"
"Jovens da Fé","josiah_young_king","Josias, o Rei Jovem","9","Josias fez uma reforma total! Mandou derrubar e destruir todos os altares e ídolos de coisas erradas que havia no país. A luz de Deus venceu o escuro! Uma limpeza completa para que o povo pudesse adorar só ao Senhor.","Voz mais reflexiva e madura. Permita 1–2 s de silêncio antes dos pontos de ensino. Leia como quem conta uma história real.","audio_josiah_young_king_scene_09.mp3"
"Jovens da Fé","josiah_young_king","Josias, o Rei Jovem","10","A Bíblia diz que entre todos os reis de Israel, nenhum foi como Josias — que amou a Deus com todo o coração, toda a alma e toda a força! E tudo isso começou quando ele ainda era um menino de 8 anos com um coração disposto a buscar o Senhor.","Voz mais reflexiva e madura. Permita 1–2 s de silêncio antes dos pontos de ensino. Leia como quem conta uma história real.","audio_josiah_young_king_scene_10.mp3"
"Jovens da Fé","solomon_wisdom","Salomão e a Sabedoria","1","O grande rei Davi havia morrido, e seu filho Salomão se tornou o novo rei de Israel. Que responsabilidade enorme! Salomão olhava para o trono e para a coroa dourada pensando: será que sou capaz? Como um filho pode seguir o legado do pai?","Voz mais reflexiva e madura. Permita 1–2 s de silêncio antes dos pontos de ensino. Leia como quem conta uma história real.","audio_solomon_wisdom_scene_01.mp3"
"Jovens da Fé","solomon_wisdom","Salomão e a Sabedoria","2","Antes de tomar grandes decisões, Salomão foi ao lugar sagrado de Gibeom para fazer ofertas a Deus. Ele buscou a Deus primeiro — antes de qualquer outra coisa! Que bom exemplo: quando temos decisões importantes, a primeira parada é Deus.","Voz mais reflexiva e madura. Permita 1–2 s de silêncio antes dos pontos de ensino. Leia como quem conta uma história real.","audio_solomon_wisdom_scene_02.mp3"
"Jovens da Fé","solomon_wisdom","Salomão e a Sabedoria","3","Naquela noite, Deus apareceu a Salomão num sonho e disse: ""Pede o que você quiser e Eu darei a você!"" Imagine receber essa oferta de Deus! Salomão ficou parado, pensando com cuidado. O que seria mais importante pedir?","Voz mais reflexiva e madura. Permita 1–2 s de silêncio antes dos pontos de ensino. Leia como quem conta uma história real.","audio_solomon_wisdom_scene_03.mp3"
"Jovens da Fé","solomon_wisdom","Salomão e a Sabedoria","4","Salomão respondeu a Deus com muita humildade: ""Senhor, sou como uma criança que não sabe nem entrar nem sair sozinha. Preciso da Sua ajuda!"" Reconhecer que precisamos de Deus é o começo de toda sabedoria verdadeira.","Voz mais reflexiva e madura. Permita 1–2 s de silêncio antes dos pontos de ensino. Leia como quem conta uma história real.","audio_solomon_wisdom_scene_04.mp3"
"Jovens da Fé","solomon_wisdom","Salomão e a Sabedoria","5","Então Salomão fez seu pedido: ""Me dê um coração que entenda — para que eu possa governar o Seu povo com justiça e saber a diferença entre o bem e o mal!"" Não pediu dinheiro, não pediu poder, não pediu vida longa. Pediu sabedoria!","Voz mais reflexiva e madura. Permita 1–2 s de silêncio antes dos pontos de ensino. Leia como quem conta uma história real.","audio_solomon_wisdom_scene_05.mp3"
"Jovens da Fé","solomon_wisdom","Salomão e a Sabedoria","6","Deus ficou muito satisfeito com o pedido de Salomão! Por quê? Porque Salomão não pediu coisas para si mesmo — pediu algo para poder ajudar os outros melhor. O que pedimos a Deus diz muito sobre o nosso coração.","Voz mais reflexiva e madura. Permita 1–2 s de silêncio antes dos pontos de ensino. Leia como quem conta uma história real.","audio_solomon_wisdom_scene_06.mp3"
"Jovens da Fé","solomon_wisdom","Salomão e a Sabedoria","7","Deus concedeu a Salomão uma sabedoria como nenhum outro ser humano tinha! E de presente surpresa, Deus deu também riqueza e honra — coisas que ele nem tinha pedido! Quando buscamos primeiro o que Deus quer, Ele cuida do resto.","Voz mais reflexiva e madura. Permita 1–2 s de silêncio antes dos pontos de ensino. Leia como quem conta uma história real.","audio_solomon_wisdom_scene_07.mp3"
"Jovens da Fé","solomon_wisdom","Salomão e a Sabedoria","8","Dois casos muito difíceis chegaram a Salomão e ele precisou resolver com sabedoria. E a sabedoria de Deus que ele havia recebido guiou cada decisão. As pessoas ficaram admiradas! A sabedoria de Deus faz o que a inteligência humana sozinha não consegue.","Voz mais reflexiva e madura. Permita 1–2 s de silêncio antes dos pontos de ensino. Leia como quem conta uma história real.","audio_solomon_wisdom_scene_08.mp3"
"Jovens da Fé","solomon_wisdom","Salomão e a Sabedoria","9","As notícias sobre a sabedoria incrível de Salomão se espalharam por países muito distantes! Caravanas de pessoas vinham de longe para ouvir suas palavras. A sabedoria que vem de Deus atrai e inspira outras pessoas — faz toda a diferença!","Voz mais reflexiva e madura. Permita 1–2 s de silêncio antes dos pontos de ensino. Leia como quem conta uma história real.","audio_solomon_wisdom_scene_09.mp3"
"Jovens da Fé","solomon_wisdom","Salomão e a Sabedoria","10","A grande lição de Salomão: a verdadeira sabedoria não vem de livros — começa com o amor e o respeito a Deus! E a melhor notícia: você pode pedir sabedoria a Deus hoje mesmo. A Bíblia promete que Ele dá a quem pede com fé!","Voz mais reflexiva e madura. Permita 1–2 s de silêncio antes dos pontos de ensino. Leia como quem conta uma história real.","audio_solomon_wisdom_scene_10.mp3"
"Jovens da Fé","mary_says_yes","Maria Diz Sim","1","Maria era uma jovem simples que morava em Nazaré, uma cidade pequena. Ela amava a Deus com todo o coração e estava prometida em casamento a um homem chamado José. Era uma vida tranquila — até que um dia tudo mudou!","Voz mais reflexiva e madura. Permita 1–2 s de silêncio antes dos pontos de ensino. Leia como quem conta uma história real.","audio_mary_says_yes_scene_01.mp3"
"Jovens da Fé","mary_says_yes","Maria Diz Sim","2","De repente, um anjo luminoso apareceu na frente de Maria! Era o anjo Gabriel, enviado diretamente por Deus. Suas asas eram brancas, e luz dourada brilhava ao redor dele. Maria ficou surpresa — o que poderia ser essa visita?","Voz mais reflexiva e madura. Permita 1–2 s de silêncio antes dos pontos de ensino. Leia como quem conta uma história real.","audio_mary_says_yes_scene_02.mp3"
"Jovens da Fé","mary_says_yes","Maria Diz Sim","3","O anjo cumprimentou Maria com palavras belíssimas: ""Salve, cheia de graça! O Senhor está contigo!"" Maria ficou surpresa com esse saludo especial. Ela era abençoada de um jeito muito especial por Deus — e você também é!","Voz mais reflexiva e madura. Permita 1–2 s de silêncio antes dos pontos de ensino. Leia como quem conta uma história real.","audio_mary_says_yes_scene_03.mp3"
"Jovens da Fé","mary_says_yes","Maria Diz Sim","4","Maria ficou pensativa e confusa com aquele saludo. O que poderia significar ser ""cheia de graça""? Ela ficou quieta, refletindo. Não entendeu tudo de primeira — mas continuou ouvindo. Isso é sábio!","Voz mais reflexiva e madura. Permita 1–2 s de silêncio antes dos pontos de ensino. Leia como quem conta uma história real.","audio_mary_says_yes_scene_04.mp3"
"Jovens da Fé","mary_says_yes","Maria Diz Sim","5","O anjo viu que Maria estava com medo e disse com voz gentil: ""Não tenha medo, Maria! Você achou graça diante de Deus."" Que alívio! ""Não tenha medo"" é uma das frases mais repetidas na Bíblia. Deus sempre fala isso com amor.","Voz mais reflexiva e madura. Permita 1–2 s de silêncio antes dos pontos de ensino. Leia como quem conta uma história real.","audio_mary_says_yes_scene_05.mp3"
"Jovens da Fé","mary_says_yes","Maria Diz Sim","6","Gabriel anunciou as palavras mais importantes da história: ""Você vai conceber e terá um filho. Seu nome será Jesus. Ele será o Filho de Deus!"" Luz dourada desceu sobre Maria naquele momento sagrado. O plano de salvação estava sendo anunciado!","Voz mais reflexiva e madura. Permita 1–2 s de silêncio antes dos pontos de ensino. Leia como quem conta uma história real.","audio_mary_says_yes_scene_06.mp3"
"Jovens da Fé","mary_says_yes","Maria Diz Sim","7","Maria não fingiu que entendia — ela perguntou honestamente: ""Como isso pode acontecer? Eu ainda não sou casada!"" Fazer perguntas a Deus não é falta de fé. É querer entender melhor. Deus não tem medo das nossas dúvidas!","Voz mais reflexiva e madura. Permita 1–2 s de silêncio antes dos pontos de ensino. Leia como quem conta uma história real.","audio_mary_says_yes_scene_07.mp3"
"Jovens da Fé","mary_says_yes","Maria Diz Sim","8","O anjo explicou: ""O Espírito Santo virá sobre você!"" E acrescentou: ""Para Deus, nada é impossível!"" Uma pomba branca desceu suavemente com luz colorida. Quando Deus diz que fará algo impossível — Ele faz!","Voz mais reflexiva e madura. Permita 1–2 s de silêncio antes dos pontos de ensino. Leia como quem conta uma história real.","audio_mary_says_yes_scene_08.mp3"
"Jovens da Fé","mary_says_yes","Maria Diz Sim","9","E então Maria disse as palavras mais importantes que já saíram da boca de uma pessoa: ""Eis aqui a serva do Senhor. Que seja feito em mim conforme a Tua palavra."" Com um sim de fé, Maria participou do plano de Deus para o mundo todo!","Voz mais reflexiva e madura. Permita 1–2 s de silêncio antes dos pontos de ensino. Leia como quem conta uma história real.","audio_mary_says_yes_scene_09.mp3"
"Jovens da Fé","mary_says_yes","Maria Diz Sim","10","Com aquele sim de Maria, o maior plano de Deus foi colocado em movimento! Jesus viria ao mundo, nasceria em Belém, e salvaria toda a humanidade. A estrela de Belém já estava brilhando no horizonte. Tudo começou com o sim de uma jovem simples que amava a Deus!","Voz mais reflexiva e madura. Permita 1–2 s de silêncio antes dos pontos de ensino. Leia como quem conta uma história real.","audio_mary_says_yes_scene_10.mp3"
"Jovens da Fé","timothy_faith","Timóteo e a Fé","1","Timóteo era um jovem que cresceu na cidade de Listra. Ele era conhecido por todo mundo como alguém bom, honesto e de confiança. Não é incrível quando a reputação de uma pessoa é essa? A vida de Timóteo falava por ele!","Voz mais reflexiva e madura. Permita 1–2 s de silêncio antes dos pontos de ensino. Leia como quem conta uma história real.","audio_timothy_faith_scene_01.mp3"
"Jovens da Fé","timothy_faith","Timóteo e a Fé","2","A avó de Timóteo se chamava Loide. Paulo a descreveu como uma mulher de fé genuína — uma fé de verdade, não de mentirinha! Loide passava horas lendo a Bíblia com o netinho no colo. Que presente precioso uma avó de fé é!","Voz mais reflexiva e madura. Permita 1–2 s de silêncio antes dos pontos de ensino. Leia como quem conta uma história real.","audio_timothy_faith_scene_02.mp3"
"Jovens da Fé","timothy_faith","Timóteo e a Fé","3","A mãe de Timóteo, Eunice, também tinha uma fé sincera e real. Ela se preocupava em ensinar a Bíblia para o filho desde pequenininho. Mãe e filho estudavam juntos à luz de uma lamparina, noite após noite. Que herança preciosa!","Voz mais reflexiva e madura. Permita 1–2 s de silêncio antes dos pontos de ensino. Leia como quem conta uma história real.","audio_timothy_faith_scene_03.mp3"
"Jovens da Fé","timothy_faith","Timóteo e a Fé","4","A Bíblia diz que Timóteo conhecia as Sagradas Escrituras desde que era ainda bebê! Desde criança, ele ouvia as histórias de Deus, aprendia os ensinamentos e deixava a Palavra de Deus ir crescendo dentro do coração. A Bíblia é o maior presente!","Voz mais reflexiva e madura. Permita 1–2 s de silêncio antes dos pontos de ensino. Leia como quem conta uma história real.","audio_timothy_faith_scene_04.mp3"
"Jovens da Fé","timothy_faith","Timóteo e a Fé","5","Um dia, o apóstolo Paulo chegou à cidade de Listra em sua viagem de missão! Paulo ia de cidade em cidade contando a todos sobre Jesus. E em Listra, ele conheceu um jovem chamado Timóteo que todos admiravam.","Voz mais reflexiva e madura. Permita 1–2 s de silêncio antes dos pontos de ensino. Leia como quem conta uma história real.","audio_timothy_faith_scene_05.mp3"
"Jovens da Fé","timothy_faith","Timóteo e a Fé","6","Paulo notou algo especial em Timóteo: uma fé genuína, não fingida! Ele reconheceu nos olhos e no caráter daquele jovem a mesma fé que havia sido plantada pela avó Loide e cultivada pela mãe Eunice. A fé real é visível!","Voz mais reflexiva e madura. Permita 1–2 s de silêncio antes dos pontos de ensino. Leia como quem conta uma história real.","audio_timothy_faith_scene_06.mp3"
"Jovens da Fé","timothy_faith","Timóteo e a Fé","7","Paulo convidou Timóteo para ser seu companheiro de missão — e Timóteo disse sim! Ele deixou Listra, sua cidade, para ir proclamar o Evangelho por outros lugares. Seguir um chamado de Deus às vezes significa deixar o conforto de casa.","Voz mais reflexiva e madura. Permita 1–2 s de silêncio antes dos pontos de ensino. Leia como quem conta uma história real.","audio_timothy_faith_scene_07.mp3"
"Jovens da Fé","timothy_faith","Timóteo e a Fé","8","A missão não era fácil! Havia dificuldades, pessoas que não queriam ouvir, momentos de cansaço. Mas Paulo encorajou Timóteo: ""Não se envergonhe do Evangelho!"" Às vezes mostrar a nossa fé parece difícil — mas Deus nos dá coragem!","Voz mais reflexiva e madura. Permita 1–2 s de silêncio antes dos pontos de ensino. Leia como quem conta uma história real.","audio_timothy_faith_scene_08.mp3"
"Jovens da Fé","timothy_faith","Timóteo e a Fé","9","Paulo escreveu a Timóteo palavras cheias de amor: ""Avive a chama do dom que Deus colocou em você!"" Como uma fogueira que precisa de ar, nossos dons de Deus precisam ser alimentados e usados. Seus dons existem para fazer o bem!","Voz mais reflexiva e madura. Permita 1–2 s de silêncio antes dos pontos de ensino. Leia como quem conta uma história real.","audio_timothy_faith_scene_09.mp3"
"Jovens da Fé","timothy_faith","Timóteo e a Fé","10","A fé de Loide passou para Eunice que passou para Timóteo! Três gerações unidas pela mesma fé preciosa. E agora Timóteo ia levar essa fé para outras pessoas. Você também está recebendo uma herança de fé — e pode passá-la para outros!","Voz mais reflexiva e madura. Permita 1–2 s de silêncio antes dos pontos de ensino. Leia como quem conta uma história real.","audio_timothy_faith_scene_10.mp3"
"Jovens da Fé","jesus_temple","Jesus no Templo","1","Toda família de Jesus tinha uma tradição linda: todo ano iam juntos a Jerusalém para a festa da Páscoa! Era uma viagem longa, mas cheia de alegria. As famílias caminhavam juntas, cantando e celebrando. Tradições de fé são preciosas!","Voz mais reflexiva e madura. Permita 1–2 s de silêncio antes dos pontos de ensino. Leia como quem conta uma história real.","audio_jesus_temple_scene_01.mp3"
"Jovens da Fé","jesus_temple","Jesus no Templo","2","Em Jerusalém, a família celebrou a Páscoa no templo — uma festa muito especial que lembrava como Deus tinha libertado o povo de Israel! O templo brilhava em dourado e branco. Celebrar juntos as festas de Deus tem um significado muito profundo.","Voz mais reflexiva e madura. Permita 1–2 s de silêncio antes dos pontos de ensino. Leia como quem conta uma história real.","audio_jesus_temple_scene_02.mp3"
"Jovens da Fé","jesus_temple","Jesus no Templo","3","Depois da festa, a grande caravana de famílias começou a viagem de volta para Nazaré. Havia muitas pessoas, muita conversa, muitas crianças correndo. Era divertido e agitado! Mas alguém muito importante havia ficado para trás em Jerusalém.","Voz mais reflexiva e madura. Permita 1–2 s de silêncio antes dos pontos de ensino. Leia como quem conta uma história real.","audio_jesus_temple_scene_03.mp3"
"Jovens da Fé","jesus_temple","Jesus no Templo","4","No fim do primeiro dia de viagem, Maria e José perceberam: Jesus não estava! Olharam entre os parentes, entre os amigos — nada! O coração dos dois apertou. Onde poderia estar o menino Jesus?","Voz mais reflexiva e madura. Permita 1–2 s de silêncio antes dos pontos de ensino. Leia como quem conta uma história real.","audio_jesus_temple_scene_04.mp3"
"Jovens da Fé","jesus_temple","Jesus no Templo","5","Maria e José voltaram correndo para Jerusalém. Por três longos dias percorreram as ruas da cidade procurando por Jesus. Imagine a angústia! Mas quando procuramos Jesus com toda a nossa força, a gente sempre O encontra.","Voz mais reflexiva e madura. Permita 1–2 s de silêncio antes dos pontos de ensino. Leia como quem conta uma história real.","audio_jesus_temple_scene_05.mp3"
"Jovens da Fé","jesus_temple","Jesus no Templo","6","E então eles encontraram Jesus — dentro do templo! Ele estava sentado no meio dos grandes sábios e doutores, ouvindo com atenção e fazendo perguntas incríveis. Jesus estava aprendendo e ensinando ao mesmo tempo. Que cena incrível!","Voz mais reflexiva e madura. Permita 1–2 s de silêncio antes dos pontos de ensino. Leia como quem conta uma história real.","audio_jesus_temple_scene_06.mp3"
"Jovens da Fé","jesus_temple","Jesus no Templo","7","Os doutores mais sábios de Israel estavam boquiabertos! Com 12 anos, Jesus respondia perguntas difíceis com uma sabedoria que vinha diretamente do Pai Celestial. Ninguém havia visto nada igual. A sabedoria de Jesus vinha de Deus!","Voz mais reflexiva e madura. Permita 1–2 s de silêncio antes dos pontos de ensino. Leia como quem conta uma história real.","audio_jesus_temple_scene_07.mp3"
"Jovens da Fé","jesus_temple","Jesus no Templo","8","Maria e José chegaram correndo e Maria abraçou o filho, com o coração aliviado mas também preocupado. Com amor mas de forma séria, ela disse: ""Filho! Seu pai e eu estávamos procurando você com o coração apertado!"" O amor de mãe é incrível!","Voz mais reflexiva e madura. Permita 1–2 s de silêncio antes dos pontos de ensino. Leia como quem conta uma história real.","audio_jesus_temple_scene_08.mp3"
"Jovens da Fé","jesus_temple","Jesus no Templo","9","Jesus respondeu com calma: ""Por que estavam me procurando? Vocês não sabiam que Eu preciso estar nos negócios de Meu Pai?"" Com 12 anos, Jesus já sabia quem Ele era e qual era o Seu propósito. Que clareza incrível de missão!","Voz mais reflexiva e madura. Permita 1–2 s de silêncio antes dos pontos de ensino. Leia como quem conta uma história real.","audio_jesus_temple_scene_09.mp3"
"Jovens da Fé","jesus_temple","Jesus no Templo","10","Jesus voltou com a família para Nazaré e obedecia a Maria e José com amor. E a Bíblia diz uma coisa linda: ""Jesus crescia em sabedoria, em estatura e em graça diante de Deus e dos homens."" Esse é também o desejo de Deus para você!","Voz mais reflexiva e madura. Permita 1–2 s de silêncio antes dos pontos de ensino. Leia como quem conta uma história real.","audio_jesus_temple_scene_10.mp3"
